Account,Account_Title,Organization,Budget_Activity,Budget_Activity_Title,BSA,Budget_SubActivity_BSA_Title,Budget_Line_Item,Program_Element_Budget_Line_Item_BLI_Title,Cost_Type,Cost_Type_Title,Add_Non_Add,FY_2025_Actuals_Quantity,FY_2025_Actuals_Amount,FY_2025_Reconciliation_Quantity,FY_2025_Reconciliation_Amount,FY_2025_Total_Quantity,FY_2025_Total_Amount,FY_2026_Discretionary_Enacted_Quantity,FY_2026_Discretionary_Enacted_Amount,FY_2026_PL_119_21_Spend_Plan_Quantity,FY_2026_PL_119_21_Spend_Plan_Amount,FY_2026_Total_Quantity,FY_2026_Total_Amount,FY_2027_Discretionary_Request_Quantity,FY_2027_Discretionary_Request_Amount,FY_2027_Mandatory_Quantity,FY_2027_Mandatory_Amount,FY_2027_Total_Quantity,FY_2027_Total_Amount,Classification
2031A,"Aircraft Procurement, Army",A,04,Support equipment and facilities,,Other Support,6380AZ3110,Aircrew Integrated Systems,T,NATL Guard Equip (MEMO NON ADD),Add,,2738,,,,2738,,4224,,,,4224,,,,,,,U
2031A,"Aircraft Procurement, Army",A,04,Support equipment and facilities,,Other Support,6380AZ3110,Aircrew Integrated Systems,R,Reserve Equip (MEMO NON ADD),Add,,912,,,,912,,936,,,,936,,,,,,,U
2031A,"Aircraft Procurement, Army",A,04,Support equipment and facilities,,Other Support,5212AZ3100,Common Ground Equipment,T,NATL Guard Equip (MEMO NON ADD),Add,,,,,,,,,,,,,,12538,,,,12538,U
2031A,"Aircraft Procurement, Army",A,02,Modification of aircraft,,Modification of Aircraft,8859AA0711,GATM Rollup,T,NATL Guard Equip (MEMO NON ADD),Add,,1937,,,,1937,,1860,,,,1860,,,,,,,U
2031A,"Aircraft Procurement, Army",A,02,Modification of aircraft,,Modification of Aircraft,8859AA0711,GATM Rollup,R,Reserve Equip (MEMO NON ADD),Add,,242,,,,242,,233,,,,233,,,,,,,U
2031A,"Aircraft Procurement, Army",A,02,Modification of aircraft,,Modification of Aircraft,8662A01006,Aviation ASSURED PNT,T,NATL Guard Equip (MEMO NON ADD),Add,,27664,,,,27664,,19790,,,,19790,,22022,,,,22022,U
2031A,"Aircraft Procurement, Army",A,02,Modification of aircraft,,Modification of Aircraft,8662A01006,Aviation ASSURED PNT,R,Reserve Equip (MEMO NON ADD),Add,,,,,,,,2474,,,,2474,,2752,,,,2752,U
2031A,"Aircraft Procurement, Army",A,02,Modification of aircraft,,Modification of Aircraft,8660A00713,Degraded Visual Environment,T,NATL Guard Equip (MEMO NON ADD),Add,,,,,,,,3000,,,,3000,,,,,,,U
2031A,"Aircraft Procurement, Army",A,02,Modification of aircraft,,Modification of Aircraft,8659AA0723,"Comms, Nav Surveillance",T,NATL Guard Equip (MEMO NON ADD),Add,,24480,,,,24480,,4626,,,,4626,,5754,,,,5754,U
2031A,"Aircraft Procurement, Army",A,02,Modification of aircraft,,Modification of Aircraft,8659AA0723,"Comms, Nav Surveillance",R,Reserve Equip (MEMO NON ADD),Add,,3060,,,,3060,,1157,,,,1157,,1438,,,,1438,U
2031A,"Aircraft Procurement, Army",A,02,Modification of aircraft,,Modification of Aircraft,8658AA0712,Network And Mission Plan,T,NATL Guard Equip (MEMO NON ADD),Add,,16558,,,,16558,,13612,,,,13612,,10349,,,,10349,U
2031A,"Aircraft Procurement, Army",A,02,Modification of aircraft,,Modification of Aircraft,8658AA0712,Network And Mission Plan,R,Reserve Equip (MEMO NON ADD),Add,,2070,,,,2070,,1432,,,,1432,,1089,,,,1089,U
2031A,"Aircraft Procurement, Army",A,01,Aircraft,,Rotary,6771AA0005,UH-60 Blackhawk M Model (MYP),T,NATL Guard Equip (MEMO NON ADD),Add,17,550113,,,17,550113,6,187810,,,6,187810,,,,,,,U
2031A,"Aircraft Procurement, Army",A,01,Aircraft,,Fixed Wing,9670A00005,MQ-1 UAV,T,NATL Guard Equip (MEMO NON ADD),Add,8,240000,,,8,240000,8,240000,,,8,240000,,,,,,,U
2032A,"Missile Procurement, Army",A,03,Modification of missiles,,Modifications,6580C67501,HIMARS Modifications,T,NATL Guard Equip (MEMO NON ADD),Add,,34999,,,,34999,,,,,,,,27182,,,,27182,U
2032A,"Missile Procurement, Army",A,03,Modification of missiles,,Modifications,2690CE8710,AVENGER MODS,T,NATL Guard Equip (MEMO NON ADD),Add,,1479,,,,1479,,,,,,,,,,,,,U
2032A,"Missile Procurement, Army",A,02,Other missiles,,Anti-Tank/Assault Missile Sys,6060C65405,MLRS Reduced Range Practice Rockets (RRPR),T,NATL Guard Equip (MEMO NON ADD),Add,882,7188,,,882,7188,876,7057,,,876,7057,132,1607,,,132,1607,U
2032A,"Missile Procurement, Army",A,02,Other missiles,,Surface-to-Air Missile System,8082C14300,M-SHORAD - Procurement,T,NATL Guard Equip (MEMO NON ADD),Add,,,,,,,29,631114,,,29,631114,14,712690,,,14,712690,U
2033A,"Procurement of Weapons and Tracked Combat Vehicles, Army",A,02,Weapons and other combat vehicles,,Mod of Weapons and Other Combat Veh,3005GZ1700,M777 Mods,T,NATL Guard Equip (MEMO NON ADD),Add,,,,,,,,1038,,,,1038,,,,,,,U
2033A,"Procurement of Weapons and Tracked Combat Vehicles, Army",A,02,Weapons and other combat vehicles,,Weapons & Other Combat Vehicles,8205G14510,Next Generation Squad Weapon,T,NATL Guard Equip (MEMO NON ADD),Add,,115790,,,,115790,,100412,,,,100412,,213475,,,,213475,U
2033A,"Procurement of Weapons and Tracked Combat Vehicles, Army",A,02,Weapons and other combat vehicles,,Weapons & Other Combat Vehicles,8205G14510,Next Generation Squad Weapon,R,Reserve Equip (MEMO NON ADD),Add,,6,,,,6,,,,,,,,,,,,,U
2033A,"Procurement of Weapons and Tracked Combat Vehicles, Army",A,02,Weapons and other combat vehicles,,Weapons & Other Combat Vehicles,8190G01506,Precision Sniper Rifle,T,NATL Guard Equip (MEMO NON ADD),Add,,3482,,,,3482,,,,,,,,,,,,,U
2033A,"Procurement of Weapons and Tracked Combat Vehicles, Army",A,02,Weapons and other combat vehicles,,Weapons & Other Combat Vehicles,6659G08100,LOCATION & AZIMUTH DETERMINATION SYSTEM (LADS,T,NATL Guard Equip (MEMO NON ADD),Add,,,,,,,,,,,,,,1,,,,1,U
2033A,"Procurement of Weapons and Tracked Combat Vehicles, Army",A,02,Weapons and other combat vehicles,,Weapons & Other Combat Vehicles,0418GN0003,Personal Defense Weapon (Roll),T,NATL Guard Equip (MEMO NON ADD),Add,0,3038,,,0,3038,0,1002,,,0,1002,,,,,,,U
2033A,"Procurement of Weapons and Tracked Combat Vehicles, Army",A,02,Weapons and other combat vehicles,,Weapons & Other Combat Vehicles,0418GN0003,Personal Defense Weapon (Roll),R,Reserve Equip (MEMO NON ADD),Add,0,1538,,,0,1538,,,,,,,,,,,,,U
2033A,"Procurement of Weapons and Tracked Combat Vehicles, Army",A,01,Tracked combat vehicles,,Modification of Tracked Combat Vehicles,5225GZ3001,Joint Assault Bridge,T,NATL Guard Equip (MEMO NON ADD),Add,,,,,,,9,57081,,,9,57081,3,46613,,,3,46613,U
2033A,"Procurement of Weapons and Tracked Combat Vehicles, Army",A,01,Tracked combat vehicles,,Modification of Tracked Combat Vehicles,2073GZ0410,Paladin Integrated Management (PIM),T,NATL Guard Equip (MEMO NON ADD),Add,15,209144,,,15,209144,18,321750,,,18,321750,,,,,,,U
2033A,"Procurement of Weapons and Tracked Combat Vehicles, Army",A,01,Tracked combat vehicles,,Modification of Tracked Combat Vehicles,1382GZ3300,BRADLEY FIRE SUPPORT TEAM (BFIST) VEHICLE,T,NATL Guard Equip (MEMO NON ADD),Add,,3061,,,,3061,,,,,,,,,,,,,U
2033A,"Procurement of Weapons and Tracked Combat Vehicles, Army",A,01,Tracked combat vehicles,,Tracked Combat Vehicles,4872G84900,ASSAULT BREACHER VEHICLE (ABV),T,NATL Guard Equip (MEMO NON ADD),Add,,2622,,,,2622,,,,,,,,,,,,,U
2034A,"Procurement of Ammunition, Army",A,01,Ammunition,,Miscellaneous,9615EA8500,Closeout Liabilities,R,Reserve Equip (MEMO NON ADD),Add,,2,,,,2,,3,,,,3,,3,,,,3,U
2034A,"Procurement of Ammunition, Army",A,01,Ammunition,,Miscellaneous,4758EA0550,First Destination Transportation (AMMO),T,NATL Guard Equip (MEMO NON ADD),Add,,3122,,,,3122,,2976,,,,2976,,2994,,,,2994,U
2034A,"Procurement of Ammunition, Army",A,01,Ammunition,,Miscellaneous,4758EA0550,First Destination Transportation (AMMO),R,Reserve Equip (MEMO NON ADD),Add,,585,,,,585,,558,,,,558,,561,,,,561,U
2034A,"Procurement of Ammunition, Army",A,01,Ammunition,,Miscellaneous,4370EA0575,Ammunition Peculiar Equipment,T,NATL Guard Equip (MEMO NON ADD),Add,,525,,,,525,,2595,,,,2595,,2241,,,,2241,U
2034A,"Procurement of Ammunition, Army",A,01,Ammunition,,Miscellaneous,4370EA0575,Ammunition Peculiar Equipment,R,Reserve Equip (MEMO NON ADD),Add,,98,,,,98,,487,,,,487,,420,,,,420,U
2034A,"Procurement of Ammunition, Army",A,01,Ammunition,,Miscellaneous,2624EA0055,Items Less Than $5 Million (AMMO),T,NATL Guard Equip (MEMO NON ADD),Add,,1205,,,,1205,,892,,,,892,,698,,,,698,U
2034A,"Procurement of Ammunition, Army",A,01,Ammunition,,Miscellaneous,2624EA0055,Items Less Than $5 Million (AMMO),R,Reserve Equip (MEMO NON ADD),Add,,225,,,,225,,167,,,,167,,130,,,,130,U
2034A,"Procurement of Ammunition, Army",A,01,Ammunition,,Miscellaneous,0684EB0016,"Ammo Components, All Types",T,NATL Guard Equip (MEMO NON ADD),Add,,263,,,,263,,394,,,,394,,396,,,,396,U
2034A,"Procurement of Ammunition, Army",A,01,Ammunition,,Miscellaneous,0684EB0016,"Ammo Components, All Types",R,Reserve Equip (MEMO NON ADD),Add,,49,,,,49,,74,,,,74,,74,,,,74,U
2034A,"Procurement of Ammunition, Army",A,01,Ammunition,,Other Ammunition,8278E51200,"Simulators, All Types",T,NATL Guard Equip (MEMO NON ADD),Add,,2079,,,,2079,,1638,,,,1638,,1803,,,,1803,U
2034A,"Procurement of Ammunition, Army",A,01,Ammunition,,Other Ammunition,8278E51200,"Simulators, All Types",R,Reserve Equip (MEMO NON ADD),Add,,391,,,,391,,308,,,,308,,337,,,,337,U
2034A,"Procurement of Ammunition, Army",A,01,Ammunition,,Other Ammunition,6038E46900,"Signals, All Types",T,NATL Guard Equip (MEMO NON ADD),Add,,1927,,,,1927,,3528,,,,3528,,2516,,,,2516,U
2034A,"Procurement of Ammunition, Army",A,01,Ammunition,,Other Ammunition,6038E46900,"Signals, All Types",R,Reserve Equip (MEMO NON ADD),Add,,362,,,,362,,661,,,,661,,471,,,,471,U
2034A,"Procurement of Ammunition, Army",A,01,Ammunition,,Other Ammunition,4582E34000,"Grenades, All Types",T,NATL Guard Equip (MEMO NON ADD),Add,,9163,,,,9163,,5883,,,,5883,,6876,,,,6876,U
2034A,"Procurement of Ammunition, Army",A,01,Ammunition,,Other Ammunition,4582E34000,"Grenades, All Types",R,Reserve Equip (MEMO NON ADD),Add,,1719,,,,1719,,1103,,,,1103,,1289,,,,1289,U
2034A,"Procurement of Ammunition, Army",A,01,Ammunition,,Other Ammunition,2790E55400,"Demolition Munitions, All Types",T,NATL Guard Equip (MEMO NON ADD),Add,,22598,,,,22598,,2894,,,,2894,,2722,,,,2722,U
2034A,"Procurement of Ammunition, Army",A,01,Ammunition,,Other Ammunition,2790E55400,"Demolition Munitions, All Types",R,Reserve Equip (MEMO NON ADD),Add,,4236,,,,4236,,543,,,,543,,510,,,,510,U
2034A,"Procurement of Ammunition, Army",A,01,Ammunition,,Other Ammunition,2420E61000,"CAD/PAD, All Types",T,NATL Guard Equip (MEMO NON ADD),Add,,1051,,,,1051,,2007,,,,2007,,1858,,,,1858,U
2034A,"Procurement of Ammunition, Army",A,01,Ammunition,,Other Ammunition,2420E61000,"CAD/PAD, All Types",R,Reserve Equip (MEMO NON ADD),Add,,197,,,,197,,376,,,,376,,348,,,,348,U
2034A,"Procurement of Ammunition, Army",A,01,Ammunition,,Rockets,2348EA4000,"Shoulder Launched Munitions, All Types",T,NATL Guard Equip (MEMO NON ADD),Add,,12484,,,,12484,,485,,,,485,,2030,,,,2030,U
2034A,"Procurement of Ammunition, Army",A,01,Ammunition,,Rockets,2348EA4000,"Shoulder Launched Munitions, All Types",R,Reserve Equip (MEMO NON ADD),Add,,2340,,,,2340,,92,,,,92,,382,,,,382,U
2034A,"Procurement of Ammunition, Army",A,01,Ammunition,,Mines,7920E72501,"MINE, AT, VOLCANO, All Types",T,NATL Guard Equip (MEMO NON ADD),Add,,4,,,,4,,,,,,,,,,,,,U
2034A,"Procurement of Ammunition, Army",A,01,Ammunition,,Mines,7920E72501,"MINE, AT, VOLCANO, All Types",R,Reserve Equip (MEMO NON ADD),Add,,1,,,,1,,,,,,,,,,,,,U
2034A,"Procurement of Ammunition, Army",A,01,Ammunition,,Mines,0612E76740,Close Terrain Shaping Obstacle,T,NATL Guard Equip (MEMO NON ADD),Add,,3837,,,,3837,,,,,,,,,,,,,U
2034A,"Procurement of Ammunition, Army",A,01,Ammunition,,Mines,0612E76740,Close Terrain Shaping Obstacle,R,Reserve Equip (MEMO NON ADD),Add,,719,,,,719,,,,,,,,,,,,,U
2034A,"Procurement of Ammunition, Army",A,01,Ammunition,,Mines,0442EA0800,"Mines & Clearing Charges, All Types",T,NATL Guard Equip (MEMO NON ADD),Add,,11191,,,,11191,,1180,,,,1180,,3301,,,,3301,U
2034A,"Procurement of Ammunition, Army",A,01,Ammunition,,Mines,0442EA0800,"Mines & Clearing Charges, All Types",R,Reserve Equip (MEMO NON ADD),Add,,2097,,,,2097,,221,,,,221,,619,,,,619,U
2034A,"Procurement of Ammunition, Army",A,01,Ammunition,,Artillery Ammunition,8750E27501,"Artillery Propellants, Fuzes and Primers, All",T,NATL Guard Equip (MEMO NON ADD),Add,,44989,,,,44989,,4588,,,,4588,,1438,,,,1438,U
2034A,"Procurement of Ammunition, Army",A,01,Ammunition,,Artillery Ammunition,8750E27501,"Artillery Propellants, Fuzes and Primers, All",R,Reserve Equip (MEMO NON ADD),Add,,8435,,,,8435,,860,,,,860,,270,,,,270,U
2034A,"Procurement of Ammunition, Army",A,01,Ammunition,,Artillery Ammunition,3102E89500,"ARTILLERY PROJECTILE, 155MM, All Types",T,NATL Guard Equip (MEMO NON ADD),Add,,8636,,,,8636,,,,,,,,,,,,,U
2034A,"Procurement of Ammunition, Army",A,01,Ammunition,,Artillery Ammunition,3102E89500,"ARTILLERY PROJECTILE, 155MM, All Types",R,Reserve Equip (MEMO NON ADD),Add,,1619,,,,1619,,,,,,,,,,,,,U
2034A,"Procurement of Ammunition, Army",A,01,Ammunition,,Artillery Ammunition,0530E15101,"Artillery Cartridges, 75MM & 105MM, All Types",T,NATL Guard Equip (MEMO NON ADD),Add,,9554,,,,9554,,12925,,,,12925,,7814,,,,7814,U
2034A,"Procurement of Ammunition, Army",A,01,Ammunition,,Artillery Ammunition,0530E15101,"Artillery Cartridges, 75MM & 105MM, All Types",R,Reserve Equip (MEMO NON ADD),Add,,1791,,,,1791,,2423,,,,2423,,1465,,,,1465,U
2034A,"Procurement of Ammunition, Army",A,01,Ammunition,,Tank Ammunition,1120E22203,"Cartridges, Tank, 105MM And 120MM, All Types",T,NATL Guard Equip (MEMO NON ADD),Add,,33873,,,,33873,,30426,,,,30426,,35855,,,,35855,U
2034A,"Procurement of Ammunition, Army",A,01,Ammunition,,Tank Ammunition,1120E22203,"Cartridges, Tank, 105MM And 120MM, All Types",R,Reserve Equip (MEMO NON ADD),Add,,6351,,,,6351,,5704,,,,5704,,6723,,,,6723,U
2034A,"Procurement of Ammunition, Army",A,01,Ammunition,,Mortar Ammunition,6780E25500,"120MM Mortar, All Types",T,NATL Guard Equip (MEMO NON ADD),Add,,8616,,,,8616,,6936,,,,6936,,17063,,,,17063,U
2034A,"Procurement of Ammunition, Army",A,01,Ammunition,,Mortar Ammunition,6780E25500,"120MM Mortar, All Types",R,Reserve Equip (MEMO NON ADD),Add,,1615,,,,1615,,1300,,,,1300,,3199,,,,3199,U
2034A,"Procurement of Ammunition, Army",A,01,Ammunition,,Mortar Ammunition,3584E76000,"81MM Mortar, All Types",T,NATL Guard Equip (MEMO NON ADD),Add,,10725,,,,10725,,5259,,,,5259,,16951,,,,16951,U
2034A,"Procurement of Ammunition, Army",A,01,Ammunition,,Mortar Ammunition,3584E76000,"81MM Mortar, All Types",R,Reserve Equip (MEMO NON ADD),Add,,2012,,,,2012,,986,,,,986,,3178,,,,3178,U
2034A,"Procurement of Ammunition, Army",A,01,Ammunition,,Mortar Ammunition,0050E89600,"60MM Mortar, All Types",T,NATL Guard Equip (MEMO NON ADD),Add,,8584,,,,8584,,6098,,,,6098,,10189,,,,10189,U
2034A,"Procurement of Ammunition, Army",A,01,Ammunition,,Small/Medium Cal Ammunition,0132E00700,"CTG, 5.56MM, All Types",R,Reserve Equip (MEMO NON ADD),Add,,2523,,,,2523,,3848,,,,3848,,3431,,,,3431,U
2034A,"Procurement of Ammunition, Army",A,01,Ammunition,,Small/Medium Cal Ammunition,0132E00700,"CTG, 5.56MM, All Types",T,NATL Guard Equip (MEMO NON ADD),Add,,13454,,,,13454,,20525,,,,20525,,18307,,,,18307,U
2034A,"Procurement of Ammunition, Army",A,01,Ammunition,,Small/Medium Cal Ammunition,0612E02000,"CTG, 7.62MM, All Types",R,Reserve Equip (MEMO NON ADD),Add,,599,,,,599,,843,,,,843,,929,,,,929,U
2034A,"Procurement of Ammunition, Army",A,01,Ammunition,,Small/Medium Cal Ammunition,0612E02000,"CTG, 7.62MM, All Types",T,NATL Guard Equip (MEMO NON ADD),Add,,3187,,,,3187,,4498,,,,4498,,4952,,,,4952,U
2034A,"Procurement of Ammunition, Army",A,01,Ammunition,,Small/Medium Cal Ammunition,1450EA3000,"CTG, Handgun, All Types",R,Reserve Equip (MEMO NON ADD),Add,,4,,,,4,,4,,,,4,,4,,,,4,U
2034A,"Procurement of Ammunition, Army",A,01,Ammunition,,Small/Medium Cal Ammunition,1450EA3000,"CTG, Handgun, All Types",T,NATL Guard Equip (MEMO NON ADD),Add,,22,,,,22,,23,,,,23,,23,,,,23,U
2034A,"Procurement of Ammunition, Army",A,01,Ammunition,,Small/Medium Cal Ammunition,1722E08000,"CTG, .50 Cal, All Types",R,Reserve Equip (MEMO NON ADD),Add,,2470,,,,2470,,1341,,,,1341,,1123,,,,1123,U
2034A,"Procurement of Ammunition, Army",A,01,Ammunition,,Small/Medium Cal Ammunition,1722E08000,"CTG, .50 Cal, All Types",T,NATL Guard Equip (MEMO NON ADD),Add,,13173,,,,13173,,7156,,,,7156,,5984,,,,5984,U
2034A,"Procurement of Ammunition, Army",A,01,Ammunition,,Small/Medium Cal Ammunition,2382E08900,"CTG, 20mm, All Types",R,Reserve Equip (MEMO NON ADD),Add,,70,,,,70,,661,,,,661,,168,,,,168,U
2034A,"Procurement of Ammunition, Army",A,01,Ammunition,,Small/Medium Cal Ammunition,2382E08900,"CTG, 20mm, All Types",T,NATL Guard Equip (MEMO NON ADD),Add,,372,,,,372,,3527,,,,3527,,897,,,,897,U
2034A,"Procurement of Ammunition, Army",A,01,Ammunition,,Small/Medium Cal Ammunition,2650E08200,"CTG, 25mm, All Types",R,Reserve Equip (MEMO NON ADD),Add,,727,,,,727,,670,,,,670,,1021,,,,1021,U
2034A,"Procurement of Ammunition, Army",A,01,Ammunition,,Small/Medium Cal Ammunition,2650E08200,"CTG, 25mm, All Types",T,NATL Guard Equip (MEMO NON ADD),Add,,3879,,,,3879,,3572,,,,3572,,5446,,,,5446,U
2034A,"Procurement of Ammunition, Army",A,01,Ammunition,,Small/Medium Cal Ammunition,2938ER8120,"CTG, 30mm, All Types",R,Reserve Equip (MEMO NON ADD),Add,,426,,,,426,,964,,,,964,,1794,,,,1794,U
2034A,"Procurement of Ammunition, Army",A,01,Ammunition,,Small/Medium Cal Ammunition,2938ER8120,"CTG, 30mm, All Types",T,NATL Guard Equip (MEMO NON ADD),Add,,2271,,,,2271,,5142,,,,5142,,9571,,,,9571,U
2034A,"Procurement of Ammunition, Army",A,01,Ammunition,,Small/Medium Cal Ammunition,3222ER8001,"CTG, 40mm, All Types",R,Reserve Equip (MEMO NON ADD),Add,,3910,,,,3910,,3941,,,,3941,,4384,,,,4384,U
2034A,"Procurement of Ammunition, Army",A,01,Ammunition,,Small/Medium Cal Ammunition,3222ER8001,"CTG, 40mm, All Types",T,NATL Guard Equip (MEMO NON ADD),Add,,20857,,,,20857,,21017,,,,21017,,23377,,,,23377,U
2034A,"Procurement of Ammunition, Army",A,01,Ammunition,,Mortar Ammunition,0050E89600,"60MM Mortar, All Types",R,Reserve Equip (MEMO NON ADD),Add,,1610,,,,1610,,1143,,,,1143,,1910,,,,1910,U
2034A,"Procurement of Ammunition, Army",A,01,Ammunition,,Miscellaneous,9615EA8500,Closeout Liabilities,T,NATL Guard Equip (MEMO NON ADD),Add,,13,,,,13,,16,,,,16,,16,,,,16,U
2035A,"Other Procurement, Army",A,03,Other support equipment,,Chemical Defensive Equipment,2300M90101,Base Defense Systems (BDS),T,NATL Guard Equip (MEMO NON ADD),Add,,8319,,,,8319,,,,,,,,,,,,,U
2035A,"Other Procurement, Army",A,03,Other support equipment,,Other Support Equipment,1110MA4500,Modification Of In-Svc Equipment (OPA-3),T,NATL Guard Equip (MEMO NON ADD),Add,,5704,,,,5704,,833,,,,833,,3135,,,,3135,U
2035A,"Other Procurement, Army",A,03,Other support equipment,,Other Support Equipment,1110MA4500,Modification Of In-Svc Equipment (OPA-3),R,Reserve Equip (MEMO NON ADD),Add,,15567,,,,15567,,4996,,,,4996,,12382,,,,12382,U
2035A,"Other Procurement, Army",A,03,Other support equipment,,Test Measure and Dig Equipment (TMD),0605G02510,Test Equipment Modernization (TEMOD),T,NATL Guard Equip (MEMO NON ADD),Add,,7858,,,,7858,,19066,,,,19066,,15158,,,,15158,U
2035A,"Other Procurement, Army",A,03,Other support equipment,,Test Measure and Dig Equipment (TMD),0605G02510,Test Equipment Modernization (TEMOD),R,Reserve Equip (MEMO NON ADD),Add,,892,,,,892,,2990,,,,2990,,5488,,,,5488,U
2035A,"Other Procurement, Army",A,03,Other support equipment,,Test Measure and Dig Equipment (TMD),0200MB4000,Integrated Family Of Test Equipment (IFTE),T,NATL Guard Equip (MEMO NON ADD),Add,,4,,,,4,,13693,,,,13693,,,,,,,U
2035A,"Other Procurement, Army",A,03,Other support equipment,,Test Measure and Dig Equipment (TMD),0200MB4000,Integrated Family Of Test Equipment (IFTE),R,Reserve Equip (MEMO NON ADD),Add,,1616,,,,1616,,,,,,,,817,,,,817,U
2035A,"Other Procurement, Army",A,03,Other support equipment,,Training Equipment,6860NA0176,Gaming Technology In Support of Army Training,T,NATL Guard Equip (MEMO NON ADD),Add,,3556,,,,3556,,3101,,,,3101,,,,,,,U
2035A,"Other Procurement, Army",A,03,Other support equipment,,Training Equipment,6860NA0176,Gaming Technology In Support of Army Training,R,Reserve Equip (MEMO NON ADD),Add,,428,,,,428,,417,,,,417,,,,,,,U
2035A,"Other Procurement, Army",A,03,Other support equipment,,Training Equipment,2079NA2000,Synthetic Training Environment (STE),T,NATL Guard Equip (MEMO NON ADD),Add,,7105,,,,7105,,2409,,,,2409,,7961,,,,7961,U
2035A,"Other Procurement, Army",A,03,Other support equipment,,Training Equipment,2079NA2000,Synthetic Training Environment (STE),R,Reserve Equip (MEMO NON ADD),Add,,3430,,,,3430,,2409,,,,2409,,,,,,,U
2035A,"Other Procurement, Army",A,03,Other support equipment,,Training Equipment,2062NA0100,"Training Devices, Nonsystem",T,NATL Guard Equip (MEMO NON ADD),Add,,8129,,,,8129,,1644,,,,1644,,8912,,,,8912,U
2035A,"Other Procurement, Army",A,03,Other support equipment,,Training Equipment,2062NA0100,"Training Devices, Nonsystem",R,Reserve Equip (MEMO NON ADD),Add,,5993,,,,5993,,799,,,,799,,5973,,,,5973,U
2035A,"Other Procurement, Army",A,03,Other support equipment,,Material Handling Equipment,5558G41001,Family Of Forklifts,T,NATL Guard Equip (MEMO NON ADD),Add,,1599,,,,1599,,,,,,,,,,,,,U
2035A,"Other Procurement, Army",A,03,Other support equipment,,Material Handling Equipment,5558G41001,Family Of Forklifts,R,Reserve Equip (MEMO NON ADD),Add,,2907,,,,2907,,5589,,,,5589,,3227,,,,3227,U
2035A,"Other Procurement, Army",A,03,Other support equipment,,Generators,0426MA9800,Generators And Associated Equip,T,NATL Guard Equip (MEMO NON ADD),Add,,32925,,,,32925,,6077,,,,6077,,14835,,,,14835,U
2035A,"Other Procurement, Army",A,03,Other support equipment,,Generators,0426MA9800,Generators And Associated Equip,R,Reserve Equip (MEMO NON ADD),Add,,23329,,,,23329,,4856,,,,4856,,7602,,,,7602,U
2035A,"Other Procurement, Army",A,03,Other support equipment,,Construction Equipment,0387R02700,CONSTRUCTION EQUIPMENT,T,NATL Guard Equip (MEMO NON ADD),Add,0,16411,,,0,16411,,35532,,,,35532,,25634,,,,25634,U
2035A,"Other Procurement, Army",A,03,Other support equipment,,Construction Equipment,0387R02700,CONSTRUCTION EQUIPMENT,R,Reserve Equip (MEMO NON ADD),Add,0,13383,,,0,13383,,32258,,,,32258,,22809,,,,22809,U
2035A,"Other Procurement, Army",A,03,Other support equipment,,Maintenance Equipment,0639G05301,Mobile Maintenance Equipment Systems,T,NATL Guard Equip (MEMO NON ADD),Add,,53667,,,,53667,,56843,,,,56843,,21829,,,,21829,U
2035A,"Other Procurement, Army",A,03,Other support equipment,,Maintenance Equipment,0639G05301,Mobile Maintenance Equipment Systems,R,Reserve Equip (MEMO NON ADD),Add,,16479,,,,16479,,12562,,,,12562,,9462,,,,9462,U
2035A,"Other Procurement, Army",A,03,Other support equipment,,Medical Equipment,7500MN1000,Combat Support Medical,T,NATL Guard Equip (MEMO NON ADD),Add,,5275,,,,5275,,15144,,,,15144,,17191,,,,17191,U
2035A,"Other Procurement, Army",A,03,Other support equipment,,Medical Equipment,7500MN1000,Combat Support Medical,R,Reserve Equip (MEMO NON ADD),Add,,5483,,,,5483,,23780,,,,23780,,13267,,,,13267,U
2035A,"Other Procurement, Army",A,03,Other support equipment,,Petroleum Equipment,4700MA6000,"Distribution Systems, Petroleum & Water",T,NATL Guard Equip (MEMO NON ADD),Add,,20249,,,,20249,,32989,,,,32989,,40891,,,,40891,U
2035A,"Other Procurement, Army",A,03,Other support equipment,,Petroleum Equipment,4700MA6000,"Distribution Systems, Petroleum & Water",R,Reserve Equip (MEMO NON ADD),Add,,10248,,,,10248,,19856,,,,19856,,40386,,,,40386,U
2035A,"Other Procurement, Army",A,03,Other support equipment,,Combat Service Support Equipment,9140MA7804,Cargo Aerial Del & Personnel Parachute System,T,NATL Guard Equip (MEMO NON ADD),Add,,,,,,,,4740,,,,4740,,4050,,,,4050,U
2035A,"Other Procurement, Army",A,03,Other support equipment,,Combat Service Support Equipment,9140MA7804,Cargo Aerial Del & Personnel Parachute System,R,Reserve Equip (MEMO NON ADD),Add,,,,,,,,,,,,,,2351,,,,2351,U
2035A,"Other Procurement, Army",A,03,Other support equipment,,Combat Service Support Equipment,9120M65800,Field Feeding Equipment,T,NATL Guard Equip (MEMO NON ADD),Add,,,,,,,,2025,,,,2025,,,,,,,U
2035A,"Other Procurement, Army",A,03,Other support equipment,,Combat Service Support Equipment,9120M65800,Field Feeding Equipment,R,Reserve Equip (MEMO NON ADD),Add,,,,,,,,180,,,,180,,,,,,,U
2035A,"Other Procurement, Army",A,03,Other support equipment,,Combat Service Support Equipment,8827R80800,Mobile Soldier Power,T,NATL Guard Equip (MEMO NON ADD),Add,,2353,,,,2353,,,,,,,,,,,,,U
2035A,"Other Procurement, Army",A,03,Other support equipment,,Combat Service Support Equipment,8827R80800,Mobile Soldier Power,R,Reserve Equip (MEMO NON ADD),Add,,785,,,,785,,,,,,,,,,,,,U
2035A,"Other Procurement, Army",A,03,Other support equipment,,Combat Service Support Equipment,0100MF9000,Heaters and ECU's,T,NATL Guard Equip (MEMO NON ADD),Add,,,,,,,,6133,,,,6133,,6389,,,,6389,U
2035A,"Other Procurement, Army",A,03,Other support equipment,,Combat Service Support Equipment,0100MF9000,Heaters and ECU's,R,Reserve Equip (MEMO NON ADD),Add,,,,,,,,2514,,,,2514,,3550,,,,3550,U
2035A,"Other Procurement, Army",A,03,Other support equipment,,Engineer (Non-Construction) Equipment,8500R12001,Family of Boats and Motors,T,NATL Guard Equip (MEMO NON ADD),Add,,,,,,,,,,,,,,1189,,,,1189,U
2035A,"Other Procurement, Army",A,03,Other support equipment,,Engineer (Non-Construction) Equipment,8500R12001,Family of Boats and Motors,R,Reserve Equip (MEMO NON ADD),Add,,,,,,,,,,,,,,4157,,,,4157,U
2035A,"Other Procurement, Army",A,03,Other support equipment,,Engineer (Non-Construction) Equipment,5913R63610,Render Safe Sets kits Outfits,T,NATL Guard Equip (MEMO NON ADD),Add,,,,,,,,,,,,,,1100,,,,1100,U
2035A,"Other Procurement, Army",A,03,Other support equipment,,Engineer (Non-Construction) Equipment,4868W12002,Robotics and Applique Systems,T,NATL Guard Equip (MEMO NON ADD),Add,,12288,,,,12288,,15960,,,,15960,,,,,,,U
2035A,"Other Procurement, Army",A,03,Other support equipment,,Chemical Defensive Equipment,4516M01001,CBRN Defense,T,NATL Guard Equip (MEMO NON ADD),Add,,5388,,,,5388,,8335,,,,8335,,9761,,,,9761,U
2035A,"Other Procurement, Army",A,03,Other support equipment,,Chemical Defensive Equipment,4516M01001,CBRN Defense,R,Reserve Equip (MEMO NON ADD),Add,,4617,,,,4617,,2369,,,,2369,,1317,,,,1317,U
2035A,"Other Procurement, Army",A,03,Other support equipment,,Chemical Defensive Equipment,2300M90101,Base Defense Systems (BDS),R,Reserve Equip (MEMO NON ADD),Add,,19129,,,,19129,,,,,,,,,,,,,U
2035A,"Other Procurement, Army",A,02,Communications and electronics equipment,,Elect Equip - Tactical C2 Systems,9971B99901,MOD of In-Svc Equipment (ENFIRE),T,NATL Guard Equip (MEMO NON ADD),Add,,1763,,,,1763,,7481,,,,7481,,7554,,,,7554,U
2035A,"Other Procurement, Army",A,02,Communications and electronics equipment,,Elect Equip - Tactical C2 Systems,9971B99901,MOD of In-Svc Equipment (ENFIRE),R,Reserve Equip (MEMO NON ADD),Add,,1465,,,,1465,,5490,,,,5490,,6537,,,,6537,U
2035A,"Other Procurement, Army",A,02,Communications and electronics equipment,,Elect Equip - Tactical C2 Systems,9266AD5070,AIR & MSL Defense Planning & Control Sys,T,NATL Guard Equip (MEMO NON ADD),Add,,62030,,,,62030,,12725,,,,12725,,30622,,,,30622,U
2035A,"Other Procurement, Army",A,02,Communications and electronics equipment,,Elect Equip - Tactical C2 Systems,9060B28501,Fire Support C2 Family,T,NATL Guard Equip (MEMO NON ADD),Add,,5517,,,,5517,,,,,,,,,,,,,U
2035A,"Other Procurement, Army",A,02,Communications and electronics equipment,,Elect Equip - Tactical Surv. (Tac Surv),9997K81500,ADVANCED SITUATIONAL AWARENESS SYSTEMS,T,NATL Guard Equip (MEMO NON ADD),Add,,,,,,,,,,,,,,136645,,,,136645,U
2035A,"Other Procurement, Army",A,02,Communications and electronics equipment,,Elect Equip - Tactical Surv. (Tac Surv),9997K81500,ADVANCED SITUATIONAL AWARENESS SYSTEMS,R,Reserve Equip (MEMO NON ADD),Add,,,,,,,,,,,,,,20622,,,,20622,U
2035A,"Other Procurement, Army",A,02,Communications and electronics equipment,,Elect Equip - Tactical Surv. (Tac Surv),0245W61990,JOINT BATTLE COMMAND - PLATFORM (JBC-P),T,NATL Guard Equip (MEMO NON ADD),Add,,66868,,,,66868,,22950,,,,22950,,,,,,,U
2035A,"Other Procurement, Army",A,02,Communications and electronics equipment,,Elect Equip - Tactical Surv. (Tac Surv),0245W61990,JOINT BATTLE COMMAND - PLATFORM (JBC-P),R,Reserve Equip (MEMO NON ADD),Add,,25077,,,,25077,,12079,,,,12079,,,,,,,U
2035A,"Other Procurement, Army",A,02,Communications and electronics equipment,,Elect Equip - Tactical Surv. (Tac Surv),0187AD3260,ENHANCED PORTABLE INDUCTIVE ARTILLERY FUZE SE,T,NATL Guard Equip (MEMO NON ADD),Add,,,,,,,,,,,,,,2772,,,,2772,U
2035A,"Other Procurement, Army",A,02,Communications and electronics equipment,,Elect Equip - Tactical Surv. (Tac Surv),0177K22001,FAMILY OF WEAPON SIGHTS (FWS),T,NATL Guard Equip (MEMO NON ADD),Add,,71923,,,,71923,,5416,,,,5416,,,,,,,U
2035A,"Other Procurement, Army",A,02,Communications and electronics equipment,,Elect Equip - Tactical Surv. (Tac Surv),0155K35110,Small Tactical Optical Rifle Mounted MLRF,T,NATL Guard Equip (MEMO NON ADD),Add,,504,,,,504,,,,,,,,,,,,,U
2035A,"Other Procurement, Army",A,02,Communications and electronics equipment,,Elect Equip - Tactical Surv. (Tac Surv),0140KA3500,Night Vision Devices,T,NATL Guard Equip (MEMO NON ADD),Add,,21660,,,,21660,,36839,,,,36839,,,,,,,U
2035A,"Other Procurement, Army",A,02,Communications and electronics equipment,,Elect Equip - Tactical Surv. (Tac Surv),0140KA3500,Night Vision Devices,R,Reserve Equip (MEMO NON ADD),Add,,,,,,,,1939,,,,1939,,,,,,,U
2035A,"Other Procurement, Army",A,02,Communications and electronics equipment,,Elect Equip - Tact Int Rel Act (TIARA),9556B87000,COLLECTION CAPABILITY,T,NATL Guard Equip (MEMO NON ADD),Add,,,,,,,,218,,,,218,,734,,,,734,U
2035A,"Other Procurement, Army",A,02,Communications and electronics equipment,,Elect Equip - Tact Int Rel Act (TIARA),9556B87000,COLLECTION CAPABILITY,R,Reserve Equip (MEMO NON ADD),Add,,,,,,,,353,,,,353,,1183,,,,1183,U
2035A,"Other Procurement, Army",A,02,Communications and electronics equipment,,Information Security,0125B96000,Communications Security (COMSEC),T,NATL Guard Equip (MEMO NON ADD),Add,,,,,,,,18895,,,,18895,,21826,,,,21826,U
2035A,"Other Procurement, Army",A,02,Communications and electronics equipment,,Information Security,0125B96000,Communications Security (COMSEC),R,Reserve Equip (MEMO NON ADD),Add,,,,,,,,12597,,,,12597,,14549,,,,14549,U
2035A,"Other Procurement, Army",A,02,Communications and electronics equipment,,Information Security,0122TA0600,Information System Security Program-ISSP,T,NATL Guard Equip (MEMO NON ADD),Add,,847,,,,847,,,,,,,,,,,,,U
2035A,"Other Procurement, Army",A,02,Communications and electronics equipment,,Information Security,0122TA0600,Information System Security Program-ISSP,R,Reserve Equip (MEMO NON ADD),Add,,968,,,,968,,,,,,,,,,,,,U
2035A,"Other Procurement, Army",A,02,Communications and electronics equipment,,Comm - Combat Communications,9164BU8100,COTS Communications Equipment,T,NATL Guard Equip (MEMO NON ADD),Add,,7265,,,,7265,,6634,,,,6634,,,,,,,U
2035A,"Other Procurement, Army",A,02,Communications and electronics equipment,,Comm - Combat Communications,9164BU8100,COTS Communications Equipment,R,Reserve Equip (MEMO NON ADD),Add,,4363,,,,4363,,2645,,,,2645,,,,,,,U
2035A,"Other Procurement, Army",A,02,Communications and electronics equipment,,Comm - Combat Communications,8563B58601,Unified Command Suite,T,NATL Guard Equip (MEMO NON ADD),Add,,20445,,,,20445,,20010,,,,20010,,20187,,,,20187,U
2035A,"Other Procurement, Army",A,02,Communications and electronics equipment,,Comm - Combat Communications,7264B24400,ARMY LINK 16 SYSTEMS,T,NATL Guard Equip (MEMO NON ADD),Add,,28624,,,,28624,,27647,,,,27647,,,,,,,U
2035A,"Other Procurement, Army",A,02,Communications and electronics equipment,,Comm - Combat Communications,7264B24400,ARMY LINK 16 SYSTEMS,R,Reserve Equip (MEMO NON ADD),Add,,3181,,,,3181,,628,,,,628,,,,,,,U
2035A,"Other Procurement, Army",A,02,Communications and electronics equipment,,Comm - C3 System,8151B70000,COE Tactical Server Infrastructure (TSI),T,NATL Guard Equip (MEMO NON ADD),Add,,12220,,,,12220,,,,,,,,,,,,,U
2035A,"Other Procurement, Army",A,02,Communications and electronics equipment,,Comm - C3 System,8151B70000,COE Tactical Server Infrastructure (TSI),R,Reserve Equip (MEMO NON ADD),Add,,3755,,,,3755,,,,,,,,,,,,,U
2035A,"Other Procurement, Army",A,02,Communications and electronics equipment,,Comm - Satellite Communications,2912B56000,SATELLITE COMMUNICATIONS,T,NATL Guard Equip (MEMO NON ADD),Add,0,2900,,,0,2900,,,,,,,,,,,,,U
2035A,"Other Procurement, Army",A,02,Communications and electronics equipment,,Comm - Satellite Communications,2912B56000,SATELLITE COMMUNICATIONS,R,Reserve Equip (MEMO NON ADD),Add,0,853,,,0,853,,,,,,,,,,,,,U
2035A,"Other Procurement, Army",A,02,Communications and electronics equipment,,Comm - Joint Communications,1996B11500,C2 TRANSPORT,T,NATL Guard Equip (MEMO NON ADD),Add,,,,,,,,,,,,,,61046,,,,61046,U
2035A,"Other Procurement, Army",A,02,Communications and electronics equipment,,Comm - Joint Communications,1996B11500,C2 TRANSPORT,R,Reserve Equip (MEMO NON ADD),Add,,,,,,,,,,,,,,11776,,,,11776,U
2035A,"Other Procurement, Army",A,02,Communications and electronics equipment,,Comm - Joint Communications,1992B11400,C2 INFRASTRUCTURE,T,NATL Guard Equip (MEMO NON ADD),Add,,,,,,,,,,,,,,38468,,,,38468,U
2035A,"Other Procurement, Army",A,02,Communications and electronics equipment,,Comm - Joint Communications,1992B11400,C2 INFRASTRUCTURE,R,Reserve Equip (MEMO NON ADD),Add,,,,,,,,,,,,,,15002,,,,15002,U
2035A,"Other Procurement, Army",A,02,Communications and electronics equipment,,Comm - Joint Communications,1989B11200,TACTICAL NETWORK COMMUNICATION,T,NATL Guard Equip (MEMO NON ADD),Add,0,31080,,,0,31080,,938,,,,938,,,,,,,U
2035A,"Other Procurement, Army",A,01,Tactical and support vehicles,,Tactical Vehicles,8992DA0924,Modification Of In Svc Equip,T,NATL Guard Equip (MEMO NON ADD),Add,,47689,,,,47689,,17500,,,,17500,,1547,,,,1547,U
2035A,"Other Procurement, Army",A,01,Tactical and support vehicles,,Tactical Vehicles,8992DA0924,Modification Of In Svc Equip,R,Reserve Equip (MEMO NON ADD),Add,,34315,,,,34315,,10000,,,,10000,,1548,,,,1548,U
2035A,"Other Procurement, Army",A,01,Tactical and support vehicles,,Tactical Vehicles,8309DA0500,Family Of Heavy Tactical Vehicles (FHTV),T,NATL Guard Equip (MEMO NON ADD),Add,,85139,,,,85139,,66250,,,,66250,,42893,,,,42893,U
2035A,"Other Procurement, Army",A,01,Tactical and support vehicles,,Tactical Vehicles,8309DA0500,Family Of Heavy Tactical Vehicles (FHTV),R,Reserve Equip (MEMO NON ADD),Add,,92579,,,,92579,,56688,,,,56688,,36532,,,,36532,U
2035A,"Other Procurement, Army",A,01,Tactical and support vehicles,,Tactical Vehicles,7000D15800,Firetrucks & Associated Firefighting Equip,T,NATL Guard Equip (MEMO NON ADD),Add,,,,,,,,1277,,,,1277,,2559,,,,2559,U
2035A,"Other Procurement, Army",A,01,Tactical and support vehicles,,Tactical Vehicles,6866D15500,Family Of Medium Tactical Veh (FMTV),T,NATL Guard Equip (MEMO NON ADD),Add,,21364,,,,21364,,6667,,,,6667,,32719,,,,32719,U
2035A,"Other Procurement, Army",A,01,Tactical and support vehicles,,Tactical Vehicles,6866D15500,Family Of Medium Tactical Veh (FMTV),R,Reserve Equip (MEMO NON ADD),Add,,4901,,,,4901,,1097,,,,1097,,5112,,,,5112,U
2035A,"Other Procurement, Army",A,01,Tactical and support vehicles,,Tactical Vehicles,5862D16001,"TRUCK, DUMP, 20T (CCE)",T,NATL Guard Equip (MEMO NON ADD),Add,,22862,,,,22862,,14622,,,,14622,,5666,,,,5666,U
2035A,"Other Procurement, Army",A,01,Tactical and support vehicles,,Tactical Vehicles,5862D16001,"TRUCK, DUMP, 20T (CCE)",R,Reserve Equip (MEMO NON ADD),Add,,12104,,,,12104,,,,,,,,5666,,,,5666,U
2035A,"Other Procurement, Army",A,01,Tactical and support vehicles,,Tactical Vehicles,5731D15610,JOINT LIGHT TACTICAL VEHICLE FAMILY OF VEHICL,T,NATL Guard Equip (MEMO NON ADD),Add,,5667,,,,5667,,,,,,,,,,,,,U
2035A,"Other Procurement, Army",A,01,Tactical and support vehicles,,Tactical Vehicles,5731D15610,JOINT LIGHT TACTICAL VEHICLE FAMILY OF VEHICL,R,Reserve Equip (MEMO NON ADD),Add,,3031,,,,3031,,,,,,,,,,,,,U
2035A,"Other Procurement, Army",A,01,Tactical and support vehicles,,Tactical Vehicles,3636D10000,ARNG HMMWV Modernization Program,T,NATL Guard Equip (MEMO NON ADD),Add,,90000,,,,90000,,100000,,,,100000,,,,,,,U
2035A,"Other Procurement, Army",A,01,Tactical and support vehicles,,Tactical Vehicles,3446D15400,HI MOB MULTI-PURP WHLD VEH (HMMWV),R,Reserve Equip (MEMO NON ADD),Add,,50000,,,,50000,,,,,,,,,,,,,U
2035A,"Other Procurement, Army",A,01,Tactical and support vehicles,,Tactical Vehicles,0896D03900,FAMILY OF SEMITRAILERS,T,NATL Guard Equip (MEMO NON ADD),Add,0,22429,,,0,22429,,20277,,,,20277,,22644,,,,22644,U
2035A,"Other Procurement, Army",A,01,Tactical and support vehicles,,Tactical Vehicles,0896D03900,FAMILY OF SEMITRAILERS,R,Reserve Equip (MEMO NON ADD),Add,0,33283,,,0,33283,,50373,,,,50373,,49884,,,,49884,U
2035A,"Other Procurement, Army",A,04,Spares and repair parts,,OPA2,0200BS9100,INITIAL SPARES - C&E,T,NATL Guard Equip (MEMO NON ADD),Add,,582,,,,582,,570,,,,570,,600,,,,600,U
2035A,"Other Procurement, Army",A,04,Spares and repair parts,,OPA2,0200BS9100,INITIAL SPARES - C&E,R,Reserve Equip (MEMO NON ADD),Add,,387,,,,387,,380,,,,380,,380,,,,380,U
1506N,"Aircraft Procurement, Navy",N,05,Modification of aircraft,,Modification of Aircraft,0522,Adversary,R,Reserve Equip (MEMO NON ADD),Add,0,49724,,,0,49724,0,21535,,,0,21535,0,24732,,,0,24732,U
1506N,"Aircraft Procurement, Navy",N,05,Modification of aircraft,,Modification of Aircraft,0528,H-53 Series,R,Reserve Equip (MEMO NON ADD),Add,0,1088,,,0,1088,0,1074,,,0,1074,0,1065,,,0,1065,U
1506N,"Aircraft Procurement, Navy",N,05,Modification of aircraft,,Modification of Aircraft,0560,C-130 Series,R,Reserve Equip (MEMO NON ADD),Add,0,64332,,,0,64332,0,77860,,,0,77860,0,109763,,,0,109763,U
1506N,"Aircraft Procurement, Navy",N,05,Modification of aircraft,,Modification of Aircraft,0562,Cargo/Transport A/C Series,R,Reserve Equip (MEMO NON ADD),Add,0,11145,,,0,11145,0,7197,,,0,7197,0,17793,,,0,17793,U
1506N,"Aircraft Procurement, Navy",N,04,Other aircraft,,Other Aircraft,0416,KC-130J,R,Reserve Equip (MEMO NON ADD),Add,2,294406,,,2,294406,4,518017,1,145000,5,663017,11,1601906,7,1190000,18,2791906,U
1508N,"Procurement of Ammunition, Navy and Marine Corps",N,01,"Procurement of Ammunition, Navy",,Navy Ammunition,0335,Small Arms & Landing Party Ammo,R,Reserve Equip (MEMO NON ADD),Add,0,453,,,0,453,0,459,,,0,459,0,474,,,0,474,U
1810N,"Other Procurement, Navy",N,07,Personnel and command support equipment,,Command Support Equipment,8120,C4ISR Equipment,R,Reserve Equip (MEMO NON ADD),Add,0,1046,,,0,1046,0,1076,,,0,1076,,,,,,,U
1109N,"Procurement, Marine Corps",N,05,Support vehicles,,Tactical Vehicles,5050,Motor Transport Modifications,R,Reserve Equip (MEMO NON ADD),Add,0,253,,,0,253,0,2159,,,0,2159,0,2211,,,0,2211,U
1109N,"Procurement, Marine Corps",N,06,Engineer and other equipment,,Engineer and Other Equipment,6366,Power Equipment Assorted,R,Reserve Equip (MEMO NON ADD),Add,0,5291,,,0,5291,0,2809,,,0,2809,0,5468,,,0,5468,U
1109N,"Procurement, Marine Corps",N,06,Engineer and other equipment,,Engineer and Other Equipment,6518,Amphibious Support Equipment,R,Reserve Equip (MEMO NON ADD),Add,0,229,,,0,229,0,231,,,0,231,0,237,,,0,237,U
1109N,"Procurement, Marine Corps",N,06,Engineer and other equipment,,General Property,6544,Family of Construction Equipment,R,Reserve Equip (MEMO NON ADD),Add,0,2669,,,0,2669,0,1681,,,0,1681,0,2730,,,0,2730,U
1109N,"Procurement, Marine Corps",N,02,Weapons and combat vehicles,,Artillery and Other Weapons,2185,155mm Lightweight Towed Howitzer,R,Reserve Equip (MEMO NON ADD),Add,0,6,,,0,6,0,3,,,0,3,0,8,,,0,8,U
1109N,"Procurement, Marine Corps",N,02,Weapons and combat vehicles,,Tracked Combat Vehicles,2021,AAV7A1 PIP,R,Reserve Equip (MEMO NON ADD),Add,0,495,,,0,495,0,21,,,0,21,,,,,,,U
1109N,"Procurement, Marine Corps",N,03,Guided missiles and equipment,,Guided Missiles,3011,Anti-Armor Missile-Javelin,R,Reserve Equip (MEMO NON ADD),Add,,,,,,,0,411,,,0,411,0,419,,,0,419,U
1109N,"Procurement, Marine Corps",N,04,Communications and electronics equipment,,Command and Control System (Non-Tel),4620,Items Under $5 Million (Comm & Elec),R,Reserve Equip (MEMO NON ADD),Add,,,,,,,0,36,,,0,36,0,348,,,0,348,U
1109N,"Procurement, Marine Corps",N,04,Communications and electronics equipment,,Intell/Comm Equipment (Non-Tel),4733,Fire Support System,R,Reserve Equip (MEMO NON ADD),Add,0,768,,,0,768,0,764,,,0,764,0,1138,,,0,1138,U
1109N,"Procurement, Marine Corps",N,04,Communications and electronics equipment,,Other Support (Non-Tel),4631,Command Post Systems,R,Reserve Equip (MEMO NON ADD),Add,,,,,,,0,33,,,0,33,0,34,,,0,34,U
1109N,"Procurement, Marine Corps",N,04,Communications and electronics equipment,,Other Support (Non-Tel),4633,Radio Systems,R,Reserve Equip (MEMO NON ADD),Add,0,94,,,0,94,0,92,,,0,92,0,100,,,0,100,U
1109N,"Procurement, Marine Corps",N,04,Communications and electronics equipment,,Other Support (Non-Tel),4634,Comm Switching & Control Systems,R,Reserve Equip (MEMO NON ADD),Add,0,9,,,0,9,0,303,,,0,303,,,,,,,U
3010F,"Aircraft Procurement, Air Force",F,05,Modification of inservice aircraft,,Strategic Aircraft,B05200,B-52,R,Reserve Equip (MEMO NON ADD),Add,,37928,,,,37928,,28038,,,,28038,,24418,,,,24418,U
3010F,"Aircraft Procurement, Air Force",F,05,Modification of inservice aircraft,,Strategic Aircraft,LAIRCM,Large Aircraft Infrared Countermeasures,R,Reserve Equip (MEMO NON ADD),Add,,582,,,,582,,,,,,,,,,,,,U
3010F,"Aircraft Procurement, Air Force",F,05,Modification of inservice aircraft,,Strategic Aircraft,LAIRCM,Large Aircraft Infrared Countermeasures,T,NATL Guard Equip (MEMO NON ADD),Add,,17,,,,17,,,,,,,,,,,,,U
3010F,"Aircraft Procurement, Air Force",F,05,Modification of inservice aircraft,,Tactical Aircraft,F01600,F-16 Modifications,R,Reserve Equip (MEMO NON ADD),Add,,144,,,,144,,5130,,,,5130,,4647,,,,4647,U
3010F,"Aircraft Procurement, Air Force",F,07,Aircraft support equipment and facilities,,Common Support Equipment,000071,Aircraft Replacement Support Equip,T,NATL Guard Equip (MEMO NON ADD),Add,,54004,,,,54004,,5034,,,,5034,,5144,,,,5144,U
3010F,"Aircraft Procurement, Air Force",F,05,Modification of inservice aircraft,,Tactical Aircraft,F01600,F-16 Modifications,T,NATL Guard Equip (MEMO NON ADD),Add,,72430,,,,72430,,71393,,,,71393,,51980,,,,51980,U
3010F,"Aircraft Procurement, Air Force",F,05,Modification of inservice aircraft,,Tactical Aircraft,F02200,F-22A,T,NATL Guard Equip (MEMO NON ADD),Add,,174413,,,,174413,,191517,,,,191517,,210518,,,,210518,U
3010F,"Aircraft Procurement, Air Force",F,05,Modification of inservice aircraft,,Airlift Aircraft,C00500,C-5,R,Reserve Equip (MEMO NON ADD),Add,,1772,,,,1772,,5434,,,,5434,,,,,,,U
3010F,"Aircraft Procurement, Air Force",F,05,Modification of inservice aircraft,,Airlift Aircraft,C01700,C-17A,R,Reserve Equip (MEMO NON ADD),Add,,12763,,,,12763,,1239,,,,1239,,15262,,,,15262,U
3010F,"Aircraft Procurement, Air Force",F,05,Modification of inservice aircraft,,Airlift Aircraft,C01700,C-17A,T,NATL Guard Equip (MEMO NON ADD),Add,,23769,,,,23769,,4780,,,,4780,,19596,,,,19596,U
3010F,"Aircraft Procurement, Air Force",F,05,Modification of inservice aircraft,,Other Aircraft,C13000,C-130,R,Reserve Equip (MEMO NON ADD),Add,,10432,,,,10432,,22001,,,,22001,,6297,,,,6297,U
3010F,"Aircraft Procurement, Air Force",F,05,Modification of inservice aircraft,,Other Aircraft,C13000,C-130,T,NATL Guard Equip (MEMO NON ADD),Add,,17319,,,,17319,,21624,,,,21624,,17115,,,,17115,U
3010F,"Aircraft Procurement, Air Force",F,05,Modification of inservice aircraft,,Other Aircraft,C1300J,C-130J Mods,T,NATL Guard Equip (MEMO NON ADD),Add,,12000,,,,12000,,,,,,,,,,,,,U
3010F,"Aircraft Procurement, Air Force",F,05,Modification of inservice aircraft,,Other Aircraft,C13500,C-135,R,Reserve Equip (MEMO NON ADD),Add,,15757,,,,15757,,11000,,,,11000,,17443,,,,17443,U
3010F,"Aircraft Procurement, Air Force",F,05,Modification of inservice aircraft,,Other Aircraft,C13500,C-135,T,NATL Guard Equip (MEMO NON ADD),Add,,37234,,,,37234,,29035,,,,29035,,31986,,,,31986,U
3010F,"Aircraft Procurement, Air Force",F,07,Aircraft support equipment and facilities,,Common Support Equipment,000071,Aircraft Replacement Support Equip,R,Reserve Equip (MEMO NON ADD),Add,,31640,,,,31640,,3356,,,,3356,,3430,,,,3430,U
3011F,"Procurement of Ammunition, Air Force",F,01,Ammunition,,Other Items,355990,"Items Less Than $5,000,000",T,NATL Guard Equip (MEMO NON ADD),Add,,947,,,,947,,,,,,,,,,,,,U
3011F,"Procurement of Ammunition, Air Force",F,01,Ammunition,,Fuzes,356120,Fuzes,T,NATL Guard Equip (MEMO NON ADD),Add,,218,,,,218,,,,,,,,,,,,,U
3011F,"Procurement of Ammunition, Air Force",F,01,Ammunition,,Fuzes,356120,Fuzes,R,Reserve Equip (MEMO NON ADD),Add,,64,,,,64,,,,,,,,,,,,,U
3011F,"Procurement of Ammunition, Air Force",F,01,Ammunition,,Flares,356010,Expendable Countermeasures,T,NATL Guard Equip (MEMO NON ADD),Add,,1993,,,,1993,,,,,,,,,,,,,U
3011F,"Procurement of Ammunition, Air Force",F,01,Ammunition,,Flares,356010,Expendable Countermeasures,R,Reserve Equip (MEMO NON ADD),Add,,386,,,,386,,,,,,,,,,,,,U
3011F,"Procurement of Ammunition, Air Force",F,01,Ammunition,,Other Items,355990,"Items Less Than $5,000,000",R,Reserve Equip (MEMO NON ADD),Add,,107,,,,107,,,,,,,,,,,,,U
3011F,"Procurement of Ammunition, Air Force",F,01,Ammunition,,Other Items,355450,Explosive Ordnance Disposal (EOD),T,NATL Guard Equip (MEMO NON ADD),Add,,283,,,,283,,,,,,,,,,,,,U
3011F,"Procurement of Ammunition, Air Force",F,01,Ammunition,,Other Items,355450,Explosive Ordnance Disposal (EOD),R,Reserve Equip (MEMO NON ADD),Add,,62,,,,62,,,,,,,,,,,,,U
3011F,"Procurement of Ammunition, Air Force",F,01,Ammunition,,Bombs,353620,Joint Direct Attack Munition,T,NATL Guard Equip (MEMO NON ADD),Add,,738,,,,738,,,,,,,,,,,,,U
3011F,"Procurement of Ammunition, Air Force",F,01,Ammunition,,Bombs,353620,Joint Direct Attack Munition,R,Reserve Equip (MEMO NON ADD),Add,,45,,,,45,,,,,,,,,,,,,U
3011F,"Procurement of Ammunition, Air Force",F,01,Ammunition,,Bombs,353020,General Purpose Bombs,T,NATL Guard Equip (MEMO NON ADD),Add,,3265,,,,3265,,,,,,,,,,,,,U
3011F,"Procurement of Ammunition, Air Force",F,01,Ammunition,,Bombs,353020,General Purpose Bombs,R,Reserve Equip (MEMO NON ADD),Add,,609,,,,609,,,,,,,,,,,,,U
3011F,"Procurement of Ammunition, Air Force",F,01,Ammunition,,Cartridges,352010,Cartridges,T,NATL Guard Equip (MEMO NON ADD),Add,,9066,,,,9066,,,,,,,,,,,,,U
3011F,"Procurement of Ammunition, Air Force",F,01,Ammunition,,Cartridges,352010,Cartridges,R,Reserve Equip (MEMO NON ADD),Add,,4208,,,,4208,,,,,,,,,,,,,U
3080F,"Other Procurement, Air Force",F,02,Vehicular equipment,,Special Purpose Vehicles,823210,Joint Light Tactical Vehicle,R,Reserve Equip (MEMO NON ADD),Add,2,390,,,2,390,1,401,,,1,401,1,410,,,1,410,U
3080F,"Other Procurement, Air Force",F,03,Electronics and telecommunications equipment,,Electronics Programs,833010,Air Traffic Control & Landing Sys,R,Reserve Equip (MEMO NON ADD),Add,0,11742,,,0,11742,,12134,,,,12134,,12545,,,,12545,U
3080F,"Other Procurement, Air Force",F,03,Electronics and telecommunications equipment,,Modifications,838010,Comm Elect Mods,R,Reserve Equip (MEMO NON ADD),Add,,,,,,,,6515,,,,6515,,2845,,,,2845,U
3080F,"Other Procurement, Air Force",F,03,Electronics and telecommunications equipment,,Modifications,838010,Comm Elect Mods,T,NATL Guard Equip (MEMO NON ADD),Add,,3060,,,,3060,,4160,,,,4160,,5750,,,,5750,U
3080F,"Other Procurement, Air Force",F,04,Other base maintenance and support equipment,,Depot Plant+Mtrls Handling Eq,843050,Mechanized Material Handling Equip,T,NATL Guard Equip (MEMO NON ADD),Add,0,1625,,,0,1625,,2100,,,,2100,,1075,,,,1075,U
3080F,"Other Procurement, Air Force",F,04,Other base maintenance and support equipment,,Depot Plant+Mtrls Handling Eq,843050,Mechanized Material Handling Equip,R,Reserve Equip (MEMO NON ADD),Add,,375,,,,375,,,,,,,,,,,,,U
3080F,"Other Procurement, Air Force",F,04,Other base maintenance and support equipment,,Depot Plant+Mtrls Handling Eq,843040,POWER CONDITIONING EQUIPMENT,T,NATL Guard Equip (MEMO NON ADD),Add,,961,,,,961,,983,,,,983,,1019,,,,1019,U
3080F,"Other Procurement, Air Force",F,04,Other base maintenance and support equipment,,Depot Plant+Mtrls Handling Eq,843040,POWER CONDITIONING EQUIPMENT,R,Reserve Equip (MEMO NON ADD),Add,,124,,,,124,,126,,,,126,,129,,,,129,U
3080F,"Other Procurement, Air Force",F,02,Vehicular equipment,,Passenger Carrying Vehicles,821800,Passenger Carrying Vehicles,R,Reserve Equip (MEMO NON ADD),Add,2,62,,,2,62,3,82,,,3,82,,,,,,,U
3080F,"Other Procurement, Air Force",F,02,Vehicular equipment,,Passenger Carrying Vehicles,821800,Passenger Carrying Vehicles,T,NATL Guard Equip (MEMO NON ADD),Add,1,194,,,1,194,5,231,,,5,231,,,,,,,U
3080F,"Other Procurement, Air Force",F,02,Vehicular equipment,,Cargo and Utility Vehicles,822230,Medium Tactical Vehicle,R,Reserve Equip (MEMO NON ADD),Add,12,1144,,,12,1144,13,1211,,,13,1211,,,,,,,U
3080F,"Other Procurement, Air Force",F,02,Vehicular equipment,,Cargo and Utility Vehicles,822230,Medium Tactical Vehicle,T,NATL Guard Equip (MEMO NON ADD),Add,17,1976,,,17,1976,15,1961,,,15,1961,,,,,,,U
3080F,"Other Procurement, Air Force",F,02,Vehicular equipment,,Cargo and Utility Vehicles,822990,Cargo and Utility Vehicles,R,Reserve Equip (MEMO NON ADD),Add,56,2754,,,56,2754,56,2982,,,56,2982,,,,,,,U
3080F,"Other Procurement, Air Force",F,02,Vehicular equipment,,Cargo and Utility Vehicles,822990,Cargo and Utility Vehicles,T,NATL Guard Equip (MEMO NON ADD),Add,175,8337,,,175,8337,175,8305,,,175,8305,,,,,,,U
3080F,"Other Procurement, Air Force",F,02,Vehicular equipment,,Special Purpose Vehicles,823210,Joint Light Tactical Vehicle,T,NATL Guard Equip (MEMO NON ADD),Add,3,1021,,,3,1021,6,2345,,,6,2345,7,2662,,,7,2662,U
3080F,"Other Procurement, Air Force",F,02,Vehicular equipment,,Special Purpose Vehicles,823230,Security And Tactical Vehicles,T,NATL Guard Equip (MEMO NON ADD),Add,5,121,,,5,121,6,128,,,6,128,,,,,,,U
3080F,"Other Procurement, Air Force",F,02,Vehicular equipment,,Special Purpose Vehicles,823990,Special Purpose Vehicles,R,Reserve Equip (MEMO NON ADD),Add,7,1930,,,7,1930,8,1421,,,8,1421,,,,,,,U
3080F,"Other Procurement, Air Force",F,02,Vehicular equipment,,Special Purpose Vehicles,823990,Special Purpose Vehicles,T,NATL Guard Equip (MEMO NON ADD),Add,28,5011,,,28,5011,29,5551,,,29,5551,,,,,,,U
3080F,"Other Procurement, Air Force",F,02,Vehicular equipment,,Materials Handling Equipment,825990,Materials Handling Vehicles,R,Reserve Equip (MEMO NON ADD),Add,31,2715,,,31,2715,22,1786,,,22,1786,,,,,,,U
3080F,"Other Procurement, Air Force",F,02,Vehicular equipment,,Base Maintenance Support,826210,Runway Snow Remov And Cleaning Equ,R,Reserve Equip (MEMO NON ADD),Add,2,148,,,2,148,2,148,,,2,148,,,,,,,U
3080F,"Other Procurement, Air Force",F,02,Vehicular equipment,,Base Maintenance Support,826210,Runway Snow Remov And Cleaning Equ,T,NATL Guard Equip (MEMO NON ADD),Add,1,408,,,1,408,3,329,,,3,329,,,,,,,U
3080F,"Other Procurement, Air Force",F,02,Vehicular equipment,,Base Maintenance Support,826990,Base Maintenance Support Vehicles,R,Reserve Equip (MEMO NON ADD),Add,2,593,,,2,593,,,,,,,,,,,,,U
3080F,"Other Procurement, Air Force",F,02,Vehicular equipment,,Base Maintenance Support,826990,Base Maintenance Support Vehicles,T,NATL Guard Equip (MEMO NON ADD),Add,7,666,,,7,666,8,969,,,8,969,,,,,,,U
3080F,"Other Procurement, Air Force",F,02,Vehicular equipment,,Mission Support Vehicles,827000,Mission Support Vehicles,R,Reserve Equip (MEMO NON ADD),Add,,,,,,,,,,,,,101,8169,,,101,8169,U
3080F,"Other Procurement, Air Force",F,02,Vehicular equipment,,Mission Support Vehicles,827000,Mission Support Vehicles,T,NATL Guard Equip (MEMO NON ADD),Add,,,,,,,,,,,,,239,18068,,,239,18068,U
0350D,National Guard and Reserve Equipment,A,01,Reserve equipment,,Army Reserve,013005,Misc Equipment - Army Reserve,R,Reserve Equip (MEMO NON ADD),Add,,131750,,,,131750,,115000,,,,115000,,155000,,,,155000,U
0350D,National Guard and Reserve Equipment,N,01,Reserve equipment,,Marine Corps Reserve,015005,Misc Equipment - Marine Corps Reserve,R,Reserve Equip (MEMO NON ADD),Add,,19550,,,,19550,,22000,,,,22000,,23000,,,,23000,U
0350D,National Guard and Reserve Equipment,N,01,Reserve equipment,,Navy Reserve,014005,Misc Equipment - Navy Reserve,R,Reserve Equip (MEMO NON ADD),Add,,48450,,,,48450,,46000,,,,46000,,57000,,,,57000,U
0350D,National Guard and Reserve Equipment,F,02,National Guard equipment,,Air National Guard,022005,Misc Equipment - Air Force National Guard,T,NATL Guard Equip (MEMO NON ADD),Add,,255000,,,,255000,,235000,,,,235000,,305000,,,,305000,U
0350D,National Guard and Reserve Equipment,F,01,Reserve equipment,,Air Force Reserve,016005,Misc Equipment - AF Reserve,R,Reserve Equip (MEMO NON ADD),Add,,131750,,,,131750,,132000,,,,132000,,155000,,,,155000,U
0350D,National Guard and Reserve Equipment,A,02,National Guard equipment,,Army National Guard,021005,Misc Equipment - Army National Guard,T,NATL Guard Equip (MEMO NON ADD),Add,,263500,,,,263500,,250000,,,,250000,,305000,,,,305000,U
