Account,Account_Title,Budget_Activity,Budget_Activity_Title,Organization,State_Country,State_Country_Title,Fiscal_Year,Facility_Category_Title,Location_Title,Construction_Project,Construction_Project_Title,Classification,FY2025_Authorization_Amount,FY2025_Authorization_of_Approp_Amount,FY2025_Appropriation_Amount,FY2025_Total_Obligation_Authority
0720A,"Family Housing Construction, Army",01,New Construction,A,BE,Belgium,2025,Family Housing Construction,Chievres AB,09324100,Family Housing New Construction (84 units),U,100954,100954,100954,100954
0720A,"Family Housing Construction, Army",01,New Construction,A,GY,Germany,2025,Family Housing Construction,Baumholder,09330400,Family Housing Replac Construction (54 Units),U,63246,63246,63246,63246
0720A,"Family Housing Construction, Army",03,Construction Improvements,A,GA,Georgia,2025,Family Housing Construction,Fort Gordon,10494600,Fort Gordon MHPI Equity Inves (100 Units),U,50000,50000,50000,50000
0720A,"Family Housing Construction, Army",03,Construction Improvements,A,JA,Japan,2025,Family Housing Construction,Sagamihara,10156500,Family Housing Improv Construction (35 Units),U,31114,31114,31114,31114
0720A,"Family Housing Construction, Army",04,Design,A,ZU,Worldwide Unspecified,2025,Family Housing P&D,Unspecified Worldwide Locations,09437700,Family Housing P & D,U,,31333,31333,31333
0720A,"Family Housing Construction, Army",01,New Construction,A,ZU,Worldwide Unspecified,2025,Family Housing Construction,Unspecified Worldwide Locations,90072000,Foreign Currency Fluctuation,U,,,,1000
2050A,"Military Construction, Army",01,Major construction,A,PA,Pennsylvania,2025,Operational Facilities,Letterkenny Army Depot,08643300,Missile/Munitions Distribution Facility,U,62000,62000,62000,62000
2050A,"Military Construction, Army",01,Major construction,A,GY,Germany,2025,Troop Housing Facilities,Ansbach,10227200,Barracks,U,100000,100000,100000,100000
2050A,"Military Construction, Army",01,Major construction,A,NY,New York,2025,Community Facilities,Watervliet Arsenal,08150300,Fire Station,U,53000,53000,53000,53000
2050A,"Military Construction, Army",01,Major construction,A,GY,Germany,2025,Troop Housing Facilities,Ansbach,10227300,Barracks,U,91000,91000,91000,91000
2050A,"Military Construction, Army",01,Major construction,A,WA,Washington,2025,Troop Housing Facilities,Joint Base Lewis-Mcchord,08099500,Barracks,U,161000,37000,161000,161000
2050A,"Military Construction, Army",01,Major construction,A,LA,Louisiana,2025,Troop Housing Facilities,Fort Polk,08002000,Rotational Unit Billeting Area,U,105000,50000,50000,50000
2050A,"Military Construction, Army",01,Major construction,A,TX,Texas,2025,Real Estate,Fort Bliss,10509400,Cost to Complete - Rail Yard,U,,44000,44000,44000
2050A,"Military Construction, Army",01,Major construction,A,GY,Germany,2025,Training Facilities,Hohenfels,10527400,Cost to Complete Simulations Center,U,,35000,35000,35000
2050A,"Military Construction, Army",01,Major construction,A,HI,Hawaii,2025,Maintenance & Production Facilities,Wheeler Army Air Field,07689800,Aircraft Maintenance Hangar,U,231000,36000,231000,231000
2050A,"Military Construction, Army",01,Major construction,A,TX,Texas,2025,Maintenance & Production Facilities,Red River Army Depot,07298700,Vehicle Paint Shop,U,34000,34000,34000,34000
2050A,"Military Construction, Army",01,Major construction,A,MO,Missouri,2025,Troop Housing Facilities,Fort Leonard Wood,07168400,"Adv Individual Training Barracks Cplx, Ph2",U,144000,120000,144000,144000
2050A,"Military Construction, Army",01,Major construction,A,PA,Pennsylvania,2025,Maintenance & Production Facilities,Letterkenny Army Depot,06897600,Component Rebuild Shop (Inc 1),U,284000,45000,90000,90000
2050A,"Military Construction, Army",01,Major construction,A,AK,Alaska,2025,Training Facilities,Fort Wainwright,06614300,Automated Multipurpose Machine Gun Range,U,23000,23000,23000,23000
2050A,"Military Construction, Army",01,Major construction,A,WA,Washington,2025,Supply Facilities,Joint Base Lewis-Mcchord,09746200,Supply Support Activity,U,31000,31000,40000,40000
2050A,"Military Construction, Army",02,Minor construction,A,ZU,Worldwide Unspecified,2025,Unspecified Minor Construction,Unspecified Worldwide Locations,09490200,Minor Construction,U,,105500,105500,105500
2050A,"Military Construction, Army",01,Major construction,A,VA,Virginia,2025,Troop Housing Facilities,Joint Base Myer-Henderson,09805200,Barracks,U,180000,180000,180000,180000
2050A,"Military Construction, Army",01,Major construction,A,CA,California,2025,Operational Facilities,Fort Irwin,06370300,Training Support Center,U,44000,44000,44000,44000
2050A,"Military Construction, Army",01,Major construction,A,GY,Germany,2025,Troop Housing Facilities,Smith Barracks,09808700,Barracks,U,61000,61000,61000,61000
2050A,"Military Construction, Army",01,Major construction,A,MD,Maryland,2025,Community Facilities,Fort Meade,02373000,Child Development Center,U,46000,46000,46000,46000
2050A,"Military Construction, Army",02,Minor construction,A,ZU,Worldwide Unspecified,2025,Unspecified Minor Construction,Unspecified Worldwide Locations,10544700,PDI: Minor Construction,U,,8000,8000,8000
2050A,"Military Construction, Army",01,Major construction,A,ZU,Worldwide Unspecified,2025,Administrative Facilities,Unspecified Worldwide Locations,01900000,Foreign Currency Fluctuation,U,,,,3000
2050A,"Military Construction, Army",02,Minor construction,A,ZU,Worldwide Unspecified,2025,Unspecified Minor Construction,Unspecified Worldwide Locations,10544800,EDI: Minor Construction,U,,14519,14519,14519
2050A,"Military Construction, Army",01,Major construction,A,MI,Michigan,2025,R&D Facilities,Detroit Arsenal,09374600,Manned/Unmanned Tactical Vehicle Lab,U,37000,37000,37000,37000
2050A,"Military Construction, Army",01,Major construction,A,KY,Kentucky,2025,Training Facilities,"Fort Campbell, Kentucky",09938400,Automated Record Fire Plus Range,U,11800,11800,11800,11800
2050A,"Military Construction, Army",03,Design,A,ZU,Worldwide Unspecified,2025,Planning & Design,Unspecified Worldwide Locations,09490000,Planning and Design,U,,323727,293527,293527
2050A,"Military Construction, Army",03,Design,A,ZU,Worldwide Unspecified,2025,Supporting Activities,Unspecified Worldwide Locations,09490100,Host Nation Support,U,,25000,25000,25000
2050A,"Military Construction, Army",01,Major construction,A,CA,California,2025,Supply Facilities,Concord,09334300,Ammunition Holding Facility,U,68000,68000,68000,68000
2050A,"Military Construction, Army",01,Major construction,A,BE,Belgium,2025,Community Facilities,Shape HQ,10020900,Youth Center,U,45000,45000,45000,45000
2050A,"Military Construction, Army",03,Design,A,ZU,Worldwide Unspecified,2025,Planning & Design,Unspecified Worldwide Locations,10544600,PDI: Planning and Design,U,,26011,26011,26011
2050A,"Military Construction, Army",01,Major construction,A,TX,Texas,2025,Maintenance & Production Facilities,Fort Hood,09176100,Vehicle Maintenance Shop (Motor Pool #70),U,69000,69000,69000,69000
2050A,"Military Construction, Army",01,Major construction,A,GY,Germany,2025,Community Facilities,Wiesbaden Mil Cmty,10114900,Child Development Center,U,44000,44000,44000,44000
0725A,"Family Housing Operation and Maintenance, Army",06,Operation,A,ZU,Worldwide Unspecified,2025,Family Housing Operations,Unspecified Worldwide Locations,19120000,Services,U,,9643,9643,9643
0725A,"Family Housing Operation and Maintenance, Army",12,Housing Privatization Support,A,ZU,Worldwide Unspecified,2025,Family Housing Operations,Unspecified Worldwide Locations,19500000,Military Housing Privatization Initiative,U,,48057,48057,48057
0725A,"Family Housing Operation and Maintenance, Army",08,Maintenance,A,ZU,Worldwide Unspecified,2025,Family Housing Operations,Unspecified Worldwide Locations,19200000,Maintenance of Real Property Facilities,U,,155825,155825,155825
0725A,"Family Housing Operation and Maintenance, Army",07,Leasing,A,ZU,Worldwide Unspecified,2025,Family Housing Operations,Unspecified Worldwide Locations,19400000,Leased Housing,U,,120686,120686,120686
0725A,"Family Housing Operation and Maintenance, Army",06,Operation,A,ZU,Worldwide Unspecified,2025,Family Housing Operations,Unspecified Worldwide Locations,19140000,Miscellaneous,U,,56,56,56
0725A,"Family Housing Operation and Maintenance, Army",06,Operation,A,ZU,Worldwide Unspecified,2025,Family Housing Operations,Unspecified Worldwide Locations,19130000,Furnishings,U,,19229,19229,19229
0725A,"Family Housing Operation and Maintenance, Army",06,Operation,A,ZU,Worldwide Unspecified,2025,Family Housing Operations,Unspecified Worldwide Locations,19110000,Management Account,U,,66266,66266,66266
0725A,"Family Housing Operation and Maintenance, Army",05,Utilities,A,ZU,Worldwide Unspecified,2025,Family Housing Operations,Unspecified Worldwide Locations,19350000,Utilities,U,,60053,60053,60053
2085A,"Military Construction, Army National Guard",01,Major construction,A,MS,Mississippi,2025,Training Facilities,Amory,28240100,National Guard Readiness Center,U,,,16500,16500
2085A,"Military Construction, Army National Guard",01,Major construction,A,AK,Alaska,2025,Training Facilities,Fort Richardson,02102400,National Guard Readiness Center,U,67000,67000,67000,67000
2085A,"Military Construction, Army National Guard",01,Major construction,A,MS,Mississippi,2025,Training Facilities,Southaven Readiness Center,28032100,National Guard Readiness Center,U,,33000,11000,11000
2085A,"Military Construction, Army National Guard",01,Major construction,A,MT,Montana,2025,Maintenance & Production Facilities,Malta Readiness Center,30023800,National Guard Vehicle Maintenance Shop,U,14800,14800,14800,14800
2085A,"Military Construction, Army National Guard",01,Major construction,A,NV,Nevada,2025,Training Facilities,Hawthorne Army Depot,32244000,Automated Qualification/Training Range (QTR),U,18000,18000,18000,18000
2085A,"Military Construction, Army National Guard",01,Major construction,A,NJ,New Jersey,2025,Maintenance & Production Facilities,Vineland,34013100,National Guard Vehicle Maintenance Shop,U,23000,23000,23000,23000
2085A,"Military Construction, Army National Guard",01,Major construction,A,OK,Oklahoma,2025,Training Facilities,Shawnee Readiness Center,40120700,National Guard Readiness Center,U,29000,29000,29000,29000
2085A,"Military Construction, Army National Guard",01,Major construction,A,RI,Rhode Island,2025,Training Facilities,Quonset Point,44006300,National Guard Readiness Center,U,,11000,11000,11000
2085A,"Military Construction, Army National Guard",01,Major construction,A,UT,Utah,2025,Maintenance & Production Facilities,Nephi Readiness Center,49170100,National Guard Vehicle Maintenance Shop,U,20000,20000,20000,20000
2085A,"Military Construction, Army National Guard",01,Major construction,A,WA,Washington,2025,Training Facilities,Camp Murray,53007700,National Guard/Reserve Center Building,U,40000,40000,40000,40000
2085A,"Military Construction, Army National Guard",02,Minor construction,A,ZU,Worldwide Unspecified,2025,Unspecified Minor Construction,Unspecified Worldwide Locations,99002200,Unspecified Minor Construction,U,,69500,84950,84950
2085A,"Military Construction, Army National Guard",03,Design,A,ZU,Worldwide Unspecified,2025,Planning & Design,Unspecified Worldwide Locations,99003300,Design,U,,40529,37439,37439
2085A,"Military Construction, Army National Guard",01,Major construction,A,IA,Iowa,2025,Maintenance & Production Facilities,Sioux City Armory,19013700,National Guard Vehicle Maintenance Shop,U,13800,13800,13800,13800
2085A,"Military Construction, Army National Guard",01,Major construction,A,LA,Louisiana,2025,Training Facilities,Lafayette Readiness Center,22012300,National Guard Readiness Center,U,33000,33000,33000,33000
2086A,"Military Construction, Army Reserve",01,Major construction,A,PA,Pennsylvania,2025,Maintenance & Production Facilities,Wilkes-Barre,09389500,Area Maintenance Support Activity Equipmen,U,22000,22000,22000,22000
2086A,"Military Construction, Army Reserve",01,Major construction,A,PR,Puerto Rico,2025,Troop Housing Facilities,Fort Buchanan,09639100,Advanced Skills Training Barracks,U,39000,39000,39000,39000
2086A,"Military Construction, Army Reserve",01,Major construction,A,GA,Georgia,2025,Training Facilities,Albany,09223900,Army Reserve Center,U,,,40000,40000
2086A,"Military Construction, Army Reserve",03,Design,A,ZU,Worldwide Unspecified,2025,Planning & Design,Unspecified Worldwide Locations,09477600,Planning and Design,U,,31508,31508,31508
2086A,"Military Construction, Army Reserve",01,Major construction,A,CA,California,2025,Troop Housing Facilities,Camp Parks,10332300,Advanced Skills Training Barracks,U,42000,42000,42000,42000
2086A,"Military Construction, Army Reserve",02,Minor construction,A,ZU,Worldwide Unspecified,2025,Unspecified Minor Construction,Unspecified Worldwide Locations,09477500,Unspecified Minor Construction,U,,3524,3524,3524
2086A,"Military Construction, Army Reserve",01,Major construction,A,NJ,New Jersey,2025,Training Facilities,Joint Base McGuire-Dix-Lakehurst,07915500,Vertical Skills Facility,U,16000,16000,16000,16000
2086A,"Military Construction, Army Reserve",01,Major construction,A,GA,Georgia,2025,Training Facilities,Dobbins ARB,08573600,Army Reserve Center,U,78000,78000,78000,78000
2086A,"Military Construction, Army Reserve",01,Major construction,A,VA,Virginia,2025,Maintenance & Production Facilities,Richmond,09003400,Area Maintenance Support Activity / VMS,U,23000,23000,23000,23000
051601A,Department of Defense Base Closure Account - Army,01,DOD BRAC,A,ZU,Worldwide Unspecified,2025,Base Realignment & Closure Account,"Base Realignment & Closure, Army",90000600,Base Realignment and Closure,U,242078,242078,242078,242078
1205N,"Military Construction, Navy and Marine Corps",01,Major construction,N,GA,Georgia,2025,Operational Facilities,Kings Bay,42237684,Trident Refit Fac. Expansion (Columbia Sub) (INC),U,264030,115000,115000,115000
1205N,"Military Construction, Navy and Marine Corps",01,Major construction,N,AZ,Arizona,2025,Utility Facilities,Yuma,62974591,Water Treatment Plant,U,261160,10000,,
1205N,"Military Construction, Navy and Marine Corps",01,Major construction,N,HI,Hawaii,2025,Utility Facilities,Joint Base Pearl Harbor-Hickam,62813716,Water Treatment Plant (INC),U,505000,75000,,
1205N,"Military Construction, Navy and Marine Corps",01,Major construction,N,HI,Hawaii,2025,Maintenance & Production Facilities,Joint Base Pearl Harbor-Hickam,62813209,Dry Dock 3 Replacement (INC),U,,1199000,1199000,1199000
1205N,"Military Construction, Navy and Marine Corps",01,Major construction,N,WA,Washington,2025,Utility Facilities,Puget Sound,68436859,CTC: CVN 78 Aircraft Carrier Elect. Upgrades,U,231490,26200,182200,182200
1205N,"Military Construction, Navy and Marine Corps",01,Major construction,N,WA,Washington,2025,Maintenance & Production Facilities,Bangor,68436939,Launcher Equipment Processing Building,U,200550,35550,200550,200550
1205N,"Military Construction, Navy and Marine Corps",01,Major construction,N,GU,Guam,2025,Supply Facilities,Joint Region Marianas,61755608,PDI: Earth Covered Magazines,U,111666,42439,107439,107439
1205N,"Military Construction, Navy and Marine Corps",01,Major construction,N,GU,Guam,2025,Maintenance & Production Facilities,Joint Region Marianas,617552301,HSC-25 Hangar Replacement Facility 2641,U,483000,50000,255000,255000
1205N,"Military Construction, Navy and Marine Corps",01,Major construction,N,VA,Virginia,2025,Supply Facilities,Yorktown,692121417,CTC: Containerized Long Weapons Storage Magazine,U,52610,52610,52610,52610
1205N,"Military Construction, Navy and Marine Corps",01,Major construction,N,VA,Virginia,2025,Operational Facilities,Yorktown,692121418,"CPS Weapons Maintenance, Ops & Storage Fac.",U,52110,52110,52110,52110
1205N,"Military Construction, Navy and Marine Corps",01,Major construction,N,GU,Guam,2025,Utility Facilities,Joint Region Marianas,617551181,Harden Critical Feeders,U,800000,800000,800000,800000
1205N,"Military Construction, Navy and Marine Corps",01,Major construction,N,GU,Guam,2025,Supporting Activities,Joint Region Marianas,61755108,Defense Access Roads III (INC),U,241880,100000,,
1205N,"Military Construction, Navy and Marine Corps",01,Major construction,N,FM,Federated States of Micronesia,2025,Operational Facilities,Yap Airfield,614551200,Port & Harbor Improvements,U,807700,50000,,
1205N,"Military Construction, Navy and Marine Corps",01,Major construction,N,MD,Maryland,2025,Maintenance & Production Facilities,Indian Head,61151244,Contained Burn Facility (INC),U,106000,10000,,
1205N,"Military Construction, Navy and Marine Corps",01,Major construction,N,VA,Virginia,2025,Maintenance & Production Facilities,Yorktown,692121419,CTC: Conventional Prompt Strike Test Facility,U,47130,47130,47130,47130
1205N,"Military Construction, Navy and Marine Corps",01,Major construction,N,FL,Florida,2025,R&D Facilities,Cape Canaveral SFS,61007103,CTC: Engineering Test Facility,U,221060,72060,221060,221060
1205N,"Military Construction, Navy and Marine Corps",01,Major construction,N,NV,Nevada,2025,Training Facilities,Fallon,60495448,Range Training Complex Improvements,U,45000,45000,,
1205N,"Military Construction, Navy and Marine Corps",01,Major construction,N,NV,Nevada,2025,Real Estate,Fallon,60495445,Training Range Land Acquisition - Phase 2,U,48300,48300,48300,48300
1205N,"Military Construction, Navy and Marine Corps",01,Major construction,N,ES,El Salvador,2025,Maintenance & Production Facilities,Comalapa AB,60201101,Hangar & Ramp Extension,U,28000,28000,,
1205N,"Military Construction, Navy and Marine Corps",01,Major construction,N,ZU,Worldwide Unspecified,2025,Operational Facilities,Unspecified Worldwide Locations,517551500,Harbor Wharf Improvements,U,918300,50000,,
1205N,"Military Construction, Navy and Marine Corps",01,Major construction,N,GU,Guam,2025,Community Facilities,Andersen AFB,41557411,PDI: Youth Center,U,78730,78730,78730,78730
1205N,"Military Construction, Navy and Marine Corps",01,Major construction,N,ME,Maine,2025,Maintenance & Production Facilities,Kittery,32446381,Multi-Mission Drydock #1 Extension (INC),U,,400578,400578,400578
1205N,"Military Construction, Navy and Marine Corps",01,Major construction,N,VA,Virginia,2025,Maintenance & Production Facilities,Portsmouth,324431062,Dry Dock 3 Modernization (INC),U,635739,10000,54366,54366
1205N,"Military Construction, Navy and Marine Corps",02,Minor construction,N,ZU,Worldwide Unspecified,2025,Unspecified Minor Construction,Unspecified Worldwide Locations,64481100,Unspecified Minor Construction,U,,178994,77794,77794
1205N,"Military Construction, Navy and Marine Corps",02,Minor construction,N,ZU,Worldwide Unspecified,2025,Unspecified Minor Construction,Unspecified Worldwide Locations,64481300,DPRI Unspecified Minor Construction,U,,31302,21302,21302
1205N,"Military Construction, Navy and Marine Corps",02,Minor construction,N,ZU,Worldwide Unspecified,2025,Unspecified Minor Construction,Unspecified Worldwide Locations,64481400,Unspecified Minor Construction,U,,23324,23324,23324
1205N,"Military Construction, Navy and Marine Corps",03,Design,N,ZU,Worldwide Unspecified,2025,Planning & Design,Unspecified Worldwide Locations,64482044,Design,U,,1606116,589427,589427
1205N,"Military Construction, Navy and Marine Corps",01,Major construction,N,HI,Hawaii,2025,Maintenance & Production Facilities,Kaneohe Bay,00318974,Aircraft Hangar & Parking Apron,U,203520,33520,203520,203520
1205N,"Military Construction, Navy and Marine Corps",01,Major construction,N,HI,Hawaii,2025,Utility Facilities,Kaneohe Bay,00318968,Electrical Distribution Modernization Phase 2,U,94250,15000,,
1205N,"Military Construction, Navy and Marine Corps",01,Major construction,N,AU,Australia,2025,Maintenance & Production Facilities,Darwin,00318949,PDI: Aircraft Maintenance Hangar (INC),U,233750,32380,117380,117380
1205N,"Military Construction, Navy and Marine Corps",01,Major construction,N,AU,Australia,2025,Supply Facilities,Darwin,00318941,PDI: Maintenance Support Facs (INC),U,120220,62320,62320,62320
1205N,"Military Construction, Navy and Marine Corps",01,Major construction,N,NC,North Carolina,2025,Maintenance & Production Facilities,Cherry Point Marine Corps Air Station,00146995,Composite Repair Facility,U,114020,20020,114020,114020
1205N,"Military Construction, Navy and Marine Corps",01,Major construction,N,NC,North Carolina,2025,Maintenance & Production Facilities,Cherry Point Marine Corps Air Station,00146993,F-35 Aircraft Sustainment Ctr (INC),U,439000,50000,50000,50000
1205N,"Military Construction, Navy and Marine Corps",01,Major construction,N,NC,North Carolina,2025,Maintenance & Production Facilities,Cherry Point Marine Corps Air Station,00146200,CTC: Aircraft Maintenance Hangar,U,296500,53520,213520,213520
0730N,"Family Housing Construction, Navy and Marine Corps",01,New Construction,N,ML,Mariana Islands,2025,Family Housing Construction,Guam,41557434,Replace Andersen Housing PH 10 (42 Units),U,93112,93112,93112,93112
0730N,"Family Housing Construction, Navy and Marine Corps",03,Construction Improvements,N,ZU,Worldwide Unspecified,2025,Family Housing Construction,Unspecified Worldwide Locations,N8800411,"Improvements, Washington DC",U,35438,35438,35438,35438
0730N,"Family Housing Construction, Navy and Marine Corps",04,Design,N,ZU,Worldwide Unspecified,2025,Family Housing P&D,Unspecified Worldwide Locations,N8800412,Design,U,,40728,40728,40728
0730N,"Family Housing Construction, Navy and Marine Corps",01,New Construction,N,GU,Guam,2025,Family Housing Construction,Joint Region Marianas,41557H308,Replace Andersen Housing PH 9 (149 UNITS) (INC),U,103863,103863,103863,103863
0735N,"Family Housing Operation and Maintenance, Navy and Marine Corps",08,Maintenance,N,ZU,Worldwide Unspecified,2025,Family Housing Operations,Unspecified Worldwide Locations,N8800419,Maintenance,U,,124087,124087,124087
0735N,"Family Housing Operation and Maintenance, Navy and Marine Corps",12,Housing Privatization Support,N,ZU,Worldwide Unspecified,2025,Family Housing Operations,Unspecified Worldwide Locations,N8800422,Housing Privatization Support,U,,60342,60342,60342
0735N,"Family Housing Operation and Maintenance, Navy and Marine Corps",05,Utilities,N,ZU,Worldwide Unspecified,2025,Family Housing Operations,Unspecified Worldwide Locations,N0900233,Utilities,U,,43189,43189,43189
0735N,"Family Housing Operation and Maintenance, Navy and Marine Corps",06,Operation,N,ZU,Worldwide Unspecified,2025,Family Housing Operations,Unspecified Worldwide Locations,N8800414,Management,U,,59916,59916,59916
0735N,"Family Housing Operation and Maintenance, Navy and Marine Corps",06,Operation,N,ZU,Worldwide Unspecified,2025,Family Housing Operations,Unspecified Worldwide Locations,N8800413,Furnishings,U,,20255,20255,20255
0735N,"Family Housing Operation and Maintenance, Navy and Marine Corps",07,Leasing,N,ZU,Worldwide Unspecified,2025,Family Housing Operations,Unspecified Worldwide Locations,N8800418,Leasing,U,,70984,70984,70984
0735N,"Family Housing Operation and Maintenance, Navy and Marine Corps",06,Operation,N,ZU,Worldwide Unspecified,2025,Family Housing Operations,Unspecified Worldwide Locations,N8800415,Miscellaneous,U,,239,239,239
0735N,"Family Housing Operation and Maintenance, Navy and Marine Corps",06,Operation,N,ZU,Worldwide Unspecified,2025,Family Housing Operations,Unspecified Worldwide Locations,N8800416,Services,U,,15413,15413,15413
1235N,"Military Construction, Navy Reserve",03,Design,N,ZU,Worldwide Unspecified,2025,Planning & Design,Unspecified Worldwide Locations,64480200,USMCR Design,U,,2556,2556,2556
1235N,"Military Construction, Navy Reserve",01,Major construction,N,WA,Washington,2025,Training Facilities,Joint Base Lewis-Mcchord,67861202,Parachute Survival Training Facility,U,26610,26610,26610,26610
1235N,"Military Construction, Navy Reserve",03,Design,N,ZU,Worldwide Unspecified,2025,Planning & Design,Unspecified Worldwide Locations,64480432,MCNR Design,U,,663,663,663
051602N,Department of Defense Base Closure Account - Navy,01,DOD BRAC,N,ZU,Worldwide Unspecified,2025,Base Realignment & Closure Account,Unspecified Worldwide Locations,PB000016,Base Realignment & Closure,U,206604,206604,206604,206604
051002N,"Base Realignment and Closure, Navy",04,Base Closure (IV),N,ZU,Worldwide Unspecified,2025,Base Realignment & Closure Account,"Base Realignment & Closure, Navy",N9900003,Base Realignment & Closure,U,,-2406,-2406,-2406
051202N,FY 2005 Base Realignment and Closure - Navy,01,BRAC 2005,N,ZU,Worldwide Unspecified,2025,Base Realignment & Closure Account,Unspecified Worldwide Locations,PB000009,DON-101: Various Locations,U,,225,225,225
3300F,"Military Construction, Air Force",01,Major construction,F,UK,United Kingdom,2025,Supply Facilities,Raf Fairford,GKVB233002,CTC: EDI: RADR Storage Facility,U,,20500,20500,20500
3300F,"Military Construction, Air Force",01,Major construction,F,TX,Texas,2025,Troop Housing Facilities,"Fort Sam Houston, Texas",JBSF200567,"METC - Barracks/Ships/Dorms #1, Inc",U,469000,77000,77000,77000
3300F,"Military Construction, Air Force",01,Major construction,F,UT,Utah,2025,Maintenance & Production Facilities,Hill AFB,KRSM183007,"T-7A Depot Maintenance Complex, INC",U,258000,50000,50000,50000
3300F,"Military Construction, Air Force",01,Major construction,F,FM,Federated States of Micronesia,2025,Operational Facilities,Yap Airfield,YAAD229010,"PDI: Runway Extension, Inc",U,400314,96000,96000,96000
3300F,"Military Construction, Air Force",02,Minor construction,F,ZU,Worldwide Unspecified,2025,Unspecified Minor Construction,Unspecified Worldwide Locations,PAYZ250003,Unspecified Minor Military Construction,U,,104700,85700,85700
3300F,"Military Construction, Air Force",01,Major construction,F,CO,Colorado,2025,Utility Facilities,Buckley Air Force Base,CRWU223006,Power Independence MCS,U,68000,68000,76000,76000
3300F,"Military Construction, Air Force",02,Minor construction,F,ZU,Worldwide Unspecified,2025,Unspecified Minor Construction,Unspecified Worldwide Locations,PAYZ250011,Unspecified Minor Military Construction,U,,24900,24900,24900
3300F,"Military Construction, Air Force",01,Major construction,F,LA,Louisiana,2025,Community Facilities,Barksdale AFB,AWUB155000,ADAL Child Development Center,U,22000,22000,22440,22440
3300F,"Military Construction, Air Force",03,Design,F,ZU,Worldwide Unspecified,2025,Planning & Design,Unspecified Worldwide Locations,PAYZ250002,Planning & Design,U,,355011,469571,469571
3300F,"Military Construction, Air Force",03,Design,F,ZU,Worldwide Unspecified,2025,Planning & Design,Unspecified Worldwide Locations,PAYZ250010,Planning & Design,U,,8915,8915,8915
3300F,"Military Construction, Air Force",03,Design,F,ZU,Worldwide Unspecified,2025,Planning & Design,Various Worldwide Locations,PAYZ250036,Planning and Design-Planning and Design-Mawar Supplemental-Congressional,U,,487300,487300,487300
3300F,"Military Construction, Air Force",01,Major construction,F,MT,Montana,2025,Operational Facilities,Malmstrom AFB,NZAS033002,GBSD Commercial Entrance Control Facility,U,20000,20000,20000,20000
3300F,"Military Construction, Air Force",01,Major construction,F,MT,Montana,2025,Maintenance & Production Facilities,Malmstrom AFB,NZAS1014838,"Weapons Storage & Maintenance Fac, INC",U,,180000,180000,180000
3300F,"Military Construction, Air Force",01,Major construction,F,SP,Spain,2025,Maintenance & Production Facilities,Rota,ASKE253001,NATO Strategic Airlift Hangar,U,15200,15200,14511,14511
3300F,"Military Construction, Air Force",01,Major construction,F,SD,South Dakota,2025,Operational Facilities,Ellsworth AFB,FXBM253404,B-21 N. Env. Protection Shelters (60 Row),U,54000,54000,52900,52900
3300F,"Military Construction, Air Force",01,Major construction,F,SD,South Dakota,2025,Operational Facilities,Ellsworth AFB,FXBM253795,B-21 ADAL Squadron Operations,U,44000,44000,49500,49500
3300F,"Military Construction, Air Force",01,Major construction,F,SD,South Dakota,2025,Operational Facilities,Ellsworth AFB,FXBM263794,B-21 E. Alert Apron Env. Protection Shelters,U,79000,79000,77100,77100
3300F,"Military Construction, Air Force",01,Major construction,F,TX,Texas,2025,R&D Facilities,Dyess Air Force Base,FNWZ213003,B-21 LRS Fuels Administrative Laboratory,U,12800,12800,12800,12800
3300F,"Military Construction, Air Force",01,Major construction,F,AK,Alaska,2025,Training Facilities,JB Elmendorf-Richardson,FXSB263002,"Joint Integrated Test and Training Ctr, INC",U,250000,126000,126000,126000
3300F,"Military Construction, Air Force",01,Major construction,F,WY,Wyoming,2025,Operational Facilities,F.E. Warren AFB,GHLN244125,"GBSD Utility Corridor, INC",U,1248000,70000,70000,70000
3300F,"Military Construction, Air Force",01,Major construction,F,WY,Wyoming,2025,Maintenance & Production Facilities,F.E. Warren AFB,GHLN250722,GBSD Consolidated Maintenance Facility,U,194000,194000,208145,208145
3300F,"Military Construction, Air Force",01,Major construction,F,ZU,Worldwide Unspecified,2025,R&D Facilities,Unspecified Worldwide Locations,PAF198127,CTC: PDI: TACMOR Utilities & Infra Support,U,,25000,25000,25000
3300F,"Military Construction, Air Force",01,Major construction,F,WY,Wyoming,2025,Real Estate,F.E. Warren AFB,GHLN257170,GBSD Land Acquisition Phase 2,U,139000,139000,139000,139000
3300F,"Military Construction, Air Force",01,Major construction,F,UT,Utah,2025,Utility Facilities,Hill AFB,KRSM229057,CTC: F-35 T-7A East Campus Infrastructure,U,,29800,29800,29800
3300F,"Military Construction, Air Force",01,Major construction,F,UK,United Kingdom,2025,Utility Facilities,Royal Air Force Mildenhall,QFQE213521,SOW Campus Infrastructure,U,51000,51000,57100,57100
3300F,"Military Construction, Air Force",01,Major construction,F,JA,Japan,2025,Maintenance & Production Facilities,Kadena AB,LXEZ193437,"PDI: Theater A/C Corrosion Control Ctr, INC",U,,57700,66350,66350
3300F,"Military Construction, Air Force",01,Major construction,F,NO,Norway,2025,Supply Facilities,Rygge,ENRY203001,CTC: EDI: Munitions Storage Area,U,,8000,8000,8000
3300F,"Military Construction, Air Force",01,Major construction,F,SP,Spain,2025,Supply Facilities,Moron,QUUG201012,CTC: EDI: Munitions Storage,U,,17265,17265,17265
3300F,"Military Construction, Air Force",01,Major construction,F,UK,United Kingdom,2025,Supply Facilities,Royal Air Force Lakenheath,MSET193007,CTC: EDI: RADR Storage Facility,U,,15000,15000,15000
3300F,"Military Construction, Air Force",01,Major construction,F,TX,Texas,2025,Training Facilities,Joint Base San Antonio,MPLS220527,"BMT Classrooms/Dining Facility 4, INC",U,,71208,71208,71208
3300F,"Military Construction, Air Force",01,Major construction,F,MS,Mississippi,2025,Supply Facilities,Keesler AFB,MAHG233000,Air Traffic Control Tower,U,25000,25000,25000,25000
3300F,"Military Construction, Air Force",01,Major construction,F,DA,Denmark,2025,Supply Facilities,Karup,LZCB210001,EDI: DABS-FEV Storage,U,110000,110000,106200,106200
3300F,"Military Construction, Air Force",01,Major construction,F,ID,Idaho,2025,Community Facilities,Mountain Home AFB,QYZH073004,Child Development Center,U,40000,40000,59000,59000
3300F,"Military Construction, Air Force",01,Major construction,F,UK,United Kingdom,2025,Utility Facilities,Royal Air Force Lakenheath,MSET223003,Surety: Barrier Systems,U,185000,185000,59500,59500
3300F,"Military Construction, Air Force",01,Major construction,F,TX,Texas,2025,Operational Facilities,Dyess Air Force Base,FNWZ213004,B-21 Refueler Truck Yard,U,18500,18500,18500,18500
3300F,"Military Construction, Air Force",01,Major construction,F,FL,Florida,2025,R&D Facilities,Eglin AFB,FTFA213201,LRSO Hardware Software Dev. & Test Facility,U,,8400,8400,8400
3300F,"Military Construction, Air Force",01,Major construction,F,VA,Virginia,2025,Troop Housing Facilities,Joint Base Langley-Eustis,MUHJ223003,Dormitory,U,81000,81000,106000,106000
3300F,"Military Construction, Air Force",01,Major construction,F,MA,Massachusetts,2025,R&D Facilities,Hanscom AFB,MXRD153007,"MIT-LL/Engineering and Prototype Fac, Inc",U,315000,76000,76000,76000
3300F,"Military Construction, Air Force",01,Major construction,F,AR,Arkansas,2025,Training Facilities,Fort Smith,EBBG290001,Academic Training Center,U,74000,74000,73821,73821
3300F,"Military Construction, Air Force",01,Major construction,F,OR,Oregon,2025,Operational Facilities,"Mountain Home, AFB",QYZH253000,"HOMELAND DEFENSE OVER-THE-HORIZON RADAR, INC",U,1093000,198000,198000,198000
3300F,"Military Construction, Air Force",01,Major construction,F,SD,South Dakota,2025,Maintenance & Production Facilities,Ellsworth AFB,FXBM225791,B-21 Weapons Generation Facility Inc,U,,105000,105000,105000
3300F,"Military Construction, Air Force",01,Major construction,F,GA,Georgia,2025,Operational Facilities,Robins AFB,UHHZ210600,Battle Management Combined Operations Complex,U,115000,64000,64000,64000
3300F,"Military Construction, Air Force",01,Major construction,F,CA,California,2025,Training Facilities,Vandenberg AFB,XUMU212936,Sentinel AETC Formal Training Unit,U,167000,167000,167000,167000
3300F,"Military Construction, Air Force",01,Major construction,F,CA,California,2025,Operational Facilities,Vandenberg AFB,XUMU222919,GBSD Re-Entry Vehicle Facility,U,110000,110000,110000,110000
0740F,"Family Housing Construction, Air Force",01,New Construction,F,GY,Germany,2025,Family Housing Operations,Ramstein AB,TYFR214129,KMC 02 - Construct Two Car Garages (5 Units),U,1400,1400,1400,1400
0740F,"Family Housing Construction, Air Force",03,Construction Improvements,F,JA,Japan,2025,Family Housing Operations,Yokota AB,ZNRE224305,Const_Imp - Yokota PAIP 9 Phase 2 (32 Units),U,39000,39000,39000,39000
0740F,"Family Housing Construction, Air Force",03,Construction Improvements,F,JA,Japan,2025,Family Housing Operations,Yokota AB,ZNRE194318,Const_Imp - Yokota PAIP 8B West (19 Units),U,26242,26242,26242,26242
0740F,"Family Housing Construction, Air Force",01,New Construction,F,GY,Germany,2025,Family Housing Construction,Ramstein AB,ZHTV174002,Construct 2 GOQ Units,U,4350,4350,4350,4350
0740F,"Family Housing Construction, Air Force",04,Design,F,ZU,Worldwide Unspecified,2025,Family Housing P&D,Unspecified Worldwide Locations,PAYZ714FNA,Design,U,,6557,6557,6557
0740F,"Family Housing Construction, Air Force",03,Construction Improvements,F,AK,Alaska,2025,Family Housing Operations,Joint Base Elmendorf-Richardson,FXSBPH2502,"MHPI Restructure - JBER Phase II (1,194 Units)",U,120000,120000,120000,120000
0740F,"Family Housing Construction, Air Force",03,Construction Improvements,F,TX,Texas,2025,Family Housing Operations,Lackland AFB,MPLSPH2501,MHPI Restructure - Lackland,U,24000,24000,24000,24000
0745F,"Family Housing Operation and Maintenance, Air Force",06,Operation,F,ZU,Worldwide Unspecified,2025,Family Housing Operations,Unspecified Worldwide Locations,6400000745,Miscellaneous,U,,2426,2426,2426
0745F,"Family Housing Operation and Maintenance, Air Force",12,Housing Privatization support,F,ZU,Worldwide Unspecified,2025,Family Housing Operations,Unspecified Worldwide Locations,1200000745,Housing Privatization,U,,37508,37508,37508
0745F,"Family Housing Operation and Maintenance, Air Force",06,Operation,F,ZU,Worldwide Unspecified,2025,Family Housing Operations,Unspecified Worldwide Locations,6200000745,Services,U,,12446,12446,12446
0745F,"Family Housing Operation and Maintenance, Air Force",08,Maintenance,F,ZU,Worldwide Unspecified,2025,Family Housing Operations,Unspecified Worldwide Locations,8000000745,Maintenance,U,,121882,121882,121882
0745F,"Family Housing Operation and Maintenance, Air Force",05,Utilities,F,ZU,Worldwide Unspecified,2025,Family Housing Operations,Unspecified Worldwide Locations,5100000745,Utilities,U,,49955,49955,49955
0745F,"Family Housing Operation and Maintenance, Air Force",07,Leasing,F,ZU,Worldwide Unspecified,2025,Family Housing Operations,Unspecified Worldwide Locations,7000000745,Leasing,U,,6278,6278,6278
0745F,"Family Housing Operation and Maintenance, Air Force",06,Operation,F,ZU,Worldwide Unspecified,2025,Family Housing Operations,Unspecified Worldwide Locations,6300000745,Furnishings,U,,24230,24230,24230
0745F,"Family Housing Operation and Maintenance, Air Force",06,Operation,F,ZU,Worldwide Unspecified,2025,Family Housing Operations,Unspecified Worldwide Locations,6100000745,Management,U,,76384,76384,76384
3830F,"Military Construction, Air National Guard",01,Major construction,F,TX,Texas,2025,Operational Facilities,Fort Worth,DDPM239001,C-130J ADAL Fuel Cell Building 1674,U,23000,23000,23000,23000
3830F,"Military Construction, Air National Guard",01,Major construction,F,CA,California,2025,Training Facilities,Moffett Field,QMSN179066,Combat Rescue Helicopter Simulator,U,12600,12600,12600,12600
3830F,"Military Construction, Air National Guard",01,Major construction,F,NY,New York,2025,Training Facilities,Francis S. Gabreski Airport,WKVB179041,Combat Rescue Helicopter Simulator,U,14000,14000,14000,14000
3830F,"Military Construction, Air National Guard",02,Minor construction,F,ZU,Worldwide Unspecified,2025,Unspecified Minor Construction,Unspecified Worldwide Locations,PAYZ250006,Unspecified Minor Construction,U,,9000,9000,9000
3830F,"Military Construction, Air National Guard",03,Design,F,ZU,Worldwide Unspecified,2025,Planning & Design,Various Worldwide Locations,PAYZ250005,Planning and Design,U,,36092,36092,36092
3830F,"Military Construction, Air National Guard",01,Major construction,F,AK,Alaska,2025,Training Facilities,Elmendorf AFB,FXSB179042,Combat Rescue Helicopter Simulator,U,19300,19300,19300,19300
3830F,"Military Construction, Air National Guard",01,Major construction,F,ME,Maine,2025,Maintenance & Production Facilities,Bangor IAP,FKNN159044,Fuel Cell Hangar,U,50000,50000,50000,50000
3830F,"Military Construction, Air National Guard",01,Major construction,F,HI,Hawaii,2025,Operational Facilities,Hickam AFB,KNMD239001,Space Control Center,U,36600,36600,36600,36600
3830F,"Military Construction, Air National Guard",01,Major construction,F,AR,Arkansas,2025,Maintenance & Production Facilities,Fort Smith Map,HKRZ237904,F-35 3 Bay Aircraft Maintenance Hangar,U,14000,14000,14000,14000
3830F,"Military Construction, Air National Guard",01,Major construction,F,AR,Arkansas,2025,Operational Facilities,Fort Smith Map,HKRZ237931,F-35 Squad OPS Mission Planning Facility,U,26000,26000,26000,26000
3830F,"Military Construction, Air National Guard",01,Major construction,F,NJ,New Jersey,2025,Training Facilities,Atlantic City IAP,AQRC189015,F-16 Mission Training Center,U,18000,18000,18000,18000
3830F,"Military Construction, Air National Guard",01,Major construction,F,FL,Florida,2025,Operational Facilities,Jacksonville IAP,LSGA239001,F-35 Consolidated Weapons Training,U,26200,26200,26200,26200
3830F,"Military Construction, Air National Guard",01,Major construction,F,OR,Oregon,2025,Operational Facilities,Portland IAP,TQKD189126,"Special Tactics Complex, Phase 1",U,,5700,5700,5700
3730F,"Military Construction, Air Force Reserve",01,Major construction,F,OH,Ohio,2025,Operational Facilities,Youngstown MAP,ZQEL239001,Base Fire Station,U,25000,25000,25000,25000
3730F,"Military Construction, Air Force Reserve",02,Minor construction,F,ZU,Worldwide Unspecified,2025,Unspecified Minor Construction,Unspecified Worldwide Locations,PAYZ250341,Unspecified Minor Military Construction,U,,11701,11701,11701
3730F,"Military Construction, Air Force Reserve",01,Major construction,F,IN,Indiana,2025,Training Facilities,Grissom ARB,CTGB122032,Indoor Small Arms Range,U,21000,21000,21000,21000
3730F,"Military Construction, Air Force Reserve",03,Design,F,ZU,Worldwide Unspecified,2025,Planning & Design,Unspecified Worldwide Locations,PAYZ250313,Planning & Design,U,,16962,16962,16962
051603F,Department of Defense Base Closure Account - Air Force,01,DOD BRAC,F,ZU,Worldwide Unspecified,2025,Base Realignment & Closure Account,Unspecified Worldwide Locations,F1400001,DoD BRAC Activities - Air Force,U,199882,199882,199882,199882
051203F,FY 2005 Base Realignment and Closure - Air Force,01,BRAC 2005,F,ZU,Worldwide Unspecified,2025,Base Realignment & Closure Account,Unspecified Worldwide Locations,06050515,Brac Milcon - Existing,U,,4,4,4
0500D,"Military Construction, Defense-Wide",01,Major construction,N,ZU,Worldwide Unspecified,2025,Energy Conservation,Unspecified Worldwide Locations,D03D0001,Energy Resilience and Conserv Invest Prog,U,245277,245277,245277,245277
0500D,"Military Construction, Defense-Wide",03,Design,N,ZU,Worldwide Unspecified,2025,Planning & Design,Unspecified Worldwide Locations,D15ECIPPD,ERCIP Design,U,,11467,11467,11467
0500D,"Military Construction, Defense-Wide",01,Major construction,SOCOM,FL,Florida,2025,Operational Facilities,Hurlburt Field,10754420,SOF AFSOC Operations Facility,U,14000,14000,14000,14000
0500D,"Military Construction, Defense-Wide",01,Major construction,SOCOM,GA,Georgia,2025,Operational Facilities,Hunter Army Airfield,69262000,SOF Military Working Dog Kennel Facility,U,17300,17300,16800,16800
0500D,"Military Construction, Defense-Wide",01,Major construction,SOCOM,GA,Georgia,2025,Maintenance & Production Facilities,Hunter Army Airfield,81905000,SOF Consolidated Rigging Facility,U,47000,47000,47000,47000
0500D,"Military Construction, Defense-Wide",01,Major construction,SOCOM,AZ,Arizona,2025,Training Facilities,Yuma,81906000,SOF Military Free Fall Advanced Train Complex,U,64000,64000,62000,62000
0500D,"Military Construction, Defense-Wide",01,Major construction,SOCOM,NC,North Carolina,2025,Operational Facilities,Fort Bragg*,86027000,Special Warfare Center and School Company Ops Fac.,U,34000,34000,30000,30000
0500D,"Military Construction, Defense-Wide",01,Major construction,SOCOM,NC,North Carolina,2025,Supply Facilities,Fort Bragg*,90610000,SOF Arms Room Addition,U,13000,13000,11800,11800
0500D,"Military Construction, Defense-Wide",01,Major construction,DODEA,JA,Japan,2025,Community Facilities,Yokosuka,14KIJA01,Kinnick High School INC,U,,40386,10386,10386
0500D,"Military Construction, Defense-Wide",01,Major construction,DODEA,JA,Japan,2025,Community Facilities,Camp Butler,12KUHJ01,Kubasaki High School,U,160000,30000,160000,160000
0500D,"Military Construction, Defense-Wide",01,Major construction,DODEA,ZU,Worldwide Unspecified,2025,Administrative Facilities,Unspecified Worldwide Locations,01259FCF,FY25 Foreign Currency Fluctuation,U,,,9788,9788
0500D,"Military Construction, Defense-Wide",03,Design,DLA,ZU,Worldwide Unspecified,2025,Planning & Design,Various Worldwide Locations,SAWDesign,DLA Small Arms Warehouse Design FY25,U,,14500,15420,15420
0500D,"Military Construction, Defense-Wide",01,Major construction,SOCOM,NC,North Carolina,2025,Operational Facilities,"Camp Lejeune, North Carolina",P1538000,SOF Armory,U,27500,27500,25400,25400
0500D,"Military Construction, Defense-Wide",03,Design,DLA,ZU,Worldwide Unspecified,2025,Planning & Design,Various Worldwide Locations,GPWDesign,DLA General Purpose Warehouse Design FY25,U,,3420,2500,2500
0500D,"Military Construction, Defense-Wide",03,Design,DLA,ZU,Worldwide Unspecified,2025,Planning & Design,Unspecified Worldwide Locations,D15ECIPPD,ERCIP Design,U,,1706,1706,1706
0500D,"Military Construction, Defense-Wide",03,Design,DEFW,ZU,Worldwide Unspecified,2025,Planning & Design,Unspecified Worldwide Locations,D03D0004,Design,U,,27589,27589,27589
0500D,"Military Construction, Defense-Wide",01,Major construction,SOCOM,NC,North Carolina,2025,Operational Facilities,"Camp Lejeune, North Carolina",P1557000,SOF Operational Support Facility,U,57000,57000,,
0500D,"Military Construction, Defense-Wide",01,Major construction,SOCOM,VA,Virginia,2025,Training Facilities,Joint Expeditionary Base Little Creek - Ft Story,P3250000,SOF Human Performance Training Center,U,35000,35000,32000,32000
0500D,"Military Construction, Defense-Wide",03,Design,DLA,ZU,Worldwide Unspecified,2025,Planning & Design,Various Worldwide Locations,25DLA000,Planning and Design,U,,106000,105000,105000
0500D,"Military Construction, Defense-Wide",02,Minor construction,SOCOM,ZU,Worldwide Unspecified,2025,Unspecified Minor Construction,Unspecified Worldwide Locations,25999998,Unspecified Minor Construction,U,,24109,24109,24109
0500D,"Military Construction, Defense-Wide",03,Design,SOCOM,ZU,Worldwide Unspecified,2025,Planning & Design,Various Worldwide Locations,25999999,Planning and Design,U,,35495,35495,35495
0500D,"Military Construction, Defense-Wide",02,Minor construction,DLA,ZU,Worldwide Unspecified,2025,Unspecified Minor Construction,Various Worldwide Locations,25DLA100,Unspecified Minor Construction,U,,13333,13333,13333
0500D,"Military Construction, Defense-Wide",02,Minor construction,TJS,ZU,Worldwide Unspecified,2025,Unspecified Minor Construction,Unspecified Worldwide Locations,D90J0002,Exercise Related Minor Construction,U,,26146,11146,11146
0500D,"Military Construction, Defense-Wide",02,Minor construction,TJS,ZU,Worldwide Unspecified,2025,Unspecified Minor Construction,Unspecified Worldwide Locations,INDPACMC25,U.S. INDO-PACIFIC Command - UMC FY2025,U,,,186800,186800
0500D,"Military Construction, Defense-Wide",03,Design,TJS,ZU,Worldwide Unspecified,2025,Planning & Design,Unspecified Worldwide Locations,D90J0003,Planning and Design,U,,1964,1964,1964
0500D,"Military Construction, Defense-Wide",03,Design,TJS,ZU,Worldwide Unspecified,2025,Planning & Design,Unspecified Worldwide Locations,INDPACPD25,U.S. INDO-PACIFIC Command - P&D FY2025,U,,,320000,320000
0500D,"Military Construction, Defense-Wide",01,Major construction,WHS,VA,Virginia,2025,Administrative Facilities,Pentagon,00096001,Metro Entrance Pedestrian Access Control Pt.,U,36800,36800,36800,36800
0500D,"Military Construction, Defense-Wide",02,Minor construction,DEFW,ZU,Worldwide Unspecified,2025,Unspecified Minor Construction,Unspecified Worldwide Locations,D03D0003,Unspecified Minor Construction,U,,3000,3000,3000
0500D,"Military Construction, Defense-Wide",01,Major construction,DIA,AL,Alabama,2025,Operational Facilities,Redstone Arsenal,202595990,MSIC Advanced Analysis Facility Phase 2,U,,,54000,54000
0500D,"Military Construction, Defense-Wide",01,Major construction,NSA,MD,Maryland,2025,Operational Facilities,Fort Meade,D24G0001,"NSAW East Campus Building #5, INC 2",U,,265000,265000,265000
0500D,"Military Construction, Defense-Wide",01,Major construction,DEFW,ZU,Worldwide Unspecified,2025,Energy Conservation,Unspecified Worldwide Locations,D03D0001,Energy Resilience and Conserv. Invest. Prog.,U,38900,38900,,
0500D,"Military Construction, Defense-Wide",01,Major construction,DLA,AK,Alaska,2025,Operational Facilities,Eielson AFB,DESC2503,Fuels Operations & Lab Facility,U,14000,14000,14000,14000
0500D,"Military Construction, Defense-Wide",01,Major construction,DLA,SC,South Carolina,2025,Operational Facilities,Beaufort,DESC2409,Fuel Pier,U,31500,31500,31500,31500
0500D,"Military Construction, Defense-Wide",02,Minor construction,NSA,ZU,Worldwide Unspecified,2025,Unspecified Minor Construction,Unspecified Worldwide Locations,D15G0010,Unspecified Minor Construction,U,,6000,6000,6000
0500D,"Military Construction, Defense-Wide",03,Design,NSA,ZU,Worldwide Unspecified,2025,Planning & Design,Unspecified Worldwide Locations,D15ECIPP,Planning and Design,U,,2522,2522,2522
0500D,"Military Construction, Defense-Wide",01,Major construction,DLA,AK,Alaska,2025,Operational Facilities,JB Elmendorf-Richardson,DESC2408,Fuel Facilities,U,55000,55000,55000,55000
0500D,"Military Construction, Defense-Wide",03,Design,NSA,ZU,Worldwide Unspecified,2025,Planning & Design,Unspecified Worldwide Locations,D16G0006,Design,U,,41928,41928,41928
0500D,"Military Construction, Defense-Wide",01,Major construction,A,ZU,Worldwide Unspecified,2025,Energy Conservation,Unspecified Worldwide Locations,D03D0001,Energy Resilience and Conserv Invest Prog,U,302073,302073,302073,302073
0500D,"Military Construction, Defense-Wide",01,Major construction,DLA,CA,California,2025,Operational Facilities,Bridgeport,DESC2407,Fuel Facilities,U,19300,19300,19300,19300
0500D,"Military Construction, Defense-Wide",01,Major construction,DLA,WA,Washington,2025,Operational Facilities,Whidbey Island,DESC2406,Hydrant Fueling System,U,54000,54000,54000,54000
0500D,"Military Construction, Defense-Wide",01,Major construction,DLA,MO,Missouri,2025,Operational Facilities,Whiteman AFB,DESC2404,Flightline Fueling Facilities,U,19500,19500,19500,19500
0500D,"Military Construction, Defense-Wide",01,Major construction,DLA,TX,Texas,2025,Supply Facilities,Corpus Christi Naval Air Station,DDCX2102,General Purpose Warehouse,U,79300,79300,79300,79300
0500D,"Military Construction, Defense-Wide",03,Design,DHA,ZU,Worldwide Unspecified,2025,Planning & Design,Unspecified Worldwide Locations,D15ECIPPD,ERCIP Design,U,,3824,3824,3824
0500D,"Military Construction, Defense-Wide",03,Design,DHA,ZU,Worldwide Unspecified,2025,Planning & Design,Various Worldwide Locations,95687000,Planning & Design,U,,46751,98326,98326
0500D,"Military Construction, Defense-Wide",03,Design,A,ZU,Worldwide Unspecified,2025,Planning & Design,Unspecified Worldwide Locations,EBBINGDSN,Fuel Facility Ebbing ANG (Design),U,,,2500,2500
0500D,"Military Construction, Defense-Wide",02,Minor construction,DHA,ZU,Worldwide Unspecified,2025,Unspecified Minor Construction,Unspecified Worldwide Locations,95686000,Unspecified Minor Construction,U,,18000,18000,18000
0500D,"Military Construction, Defense-Wide",01,Major construction,DHA,SC,South Carolina,2025,Hospital And Medical Facilities,Parris Island,97889000,Ambulatory Care Clinic Replacement (Dental),U,72050,72050,72050,72050
0500D,"Military Construction, Defense-Wide",01,Major construction,DHA,KR,Korea,2025,Hospital And Medical Facilities,Kunsan Air Base,93782000,Ambulatory Care Center Replacement,U,64942,64942,,
0500D,"Military Construction, Defense-Wide",01,Major construction,DHA,CA,California,2025,Hospital And Medical Facilities,"Camp Pendleton, California",92193000,Ambulatory Care Center Add/Alt (Area 62),U,30509,30509,34430,34430
0500D,"Military Construction, Defense-Wide",01,Major construction,DHA,CA,California,2025,Hospital And Medical Facilities,"Camp Pendleton, California",90414000,Ambulatory Care Center Add/Alt (Area 53),U,27576,27576,32000,32000
0500D,"Military Construction, Defense-Wide",01,Major construction,DHA,CA,California,2025,Hospital And Medical Facilities,"Camp Pendleton, California",89907000,Ambulatory Care Center Replacement (Area 22),U,48091,48091,55200,55200
0500D,"Military Construction, Defense-Wide",01,Major construction,DHA,CO,Colorado,2025,Hospital And Medical Facilities,"Fort Carson, Colorado",80411000,Ambulatory Care Center Replacement,U,61359,61359,,
0500D,"Military Construction, Defense-Wide",01,Major construction,DHA,ZU,Worldwide Unspecified,2025,Administrative Facilities,Unspecified Worldwide Locations,1259FCF0,Foreign Currency Fluctuation,U,,,1000,1000
0500D,"Military Construction, Defense-Wide",01,Major construction,DHA,MD,Maryland,2025,Hospital And Medical Facilities,Joint Base Andrews,10503000,Ambulatory Care Center (INC),U,,21982,44187,44187
0500D,"Military Construction, Defense-Wide",01,Major construction,DHA,MD,Maryland,2025,Hospital And Medical Facilities,Bethesda Naval Hospital,10267500,MEDCEN Addition/Alteration Incr 8,U,,77651,77651,77651
0500D,"Military Construction, Defense-Wide",01,Major construction,DHA,GB,"Guantanamo Bay, Cuba",2025,Hospital And Medical Facilities,Guantanamo Bay Naval Station,10267400,Ambulatory Care Center Replacement Incr 2,U,,96829,96829,96829
0500D,"Military Construction, Defense-Wide",03,Design,DEFW,ZU,Worldwide Unspecified,2025,Planning & Design,Unspecified Worldwide Locations,D15ECIPPD,ERCIP Design,U,,55461,55461,55461
0500D,"Military Construction, Defense-Wide",01,Major construction,DODEA,UK,United Kingdom,2025,Community Facilities,Royal Air Force Lakenheath,15LHUK01,Lakenheath High School,U,153000,8000,153000,153000
0500D,"Military Construction, Defense-Wide",01,Major construction,DODEA,GY,Germany,2025,Community Facilities,Spangdahlem AB,18SPGY01,Spangdahlem Elem. School Replace (CTC),U,,6500,6500,6500
0500D,"Military Construction, Defense-Wide",01,Major construction,DODEA,GU,Guam,2025,Community Facilities,Joint Region Marianas,25GHGU01,Guam High School Temporary Facilities,U,26000,26000,26000,26000
0500D,"Military Construction, Defense-Wide",02,Minor construction,DODEA,ZU,Worldwide Unspecified,2025,Unspecified Minor Construction,Unspecified Worldwide Locations,10000003,Unspecified Minor Construction,U,,7400,7400,7400
0500D,"Military Construction, Defense-Wide",03,Design,DODEA,ZU,Worldwide Unspecified,2025,Planning & Design,Unspecified Worldwide Locations,10DESIGN,Design,U,,7501,37501,37501
0500D,"Military Construction, Defense-Wide",01,Major construction,F,ZU,Worldwide Unspecified,2025,Energy Conservation,Unspecified Worldwide Locations,D03D0001,Energy Resilience and Conserv Invest Prog,U,88650,88650,88650,88650
0500D,"Military Construction, Defense-Wide",03,Design,F,ZU,Worldwide Unspecified,2025,Planning & Design,Unspecified Worldwide Locations,D15ECIPPD,ERCIP Design,U,,21258,21258,21258
0500D,"Military Construction, Defense-Wide",01,Major construction,MDA,GU,Guam,2025,Operational Facilities,Joint Region Marianas,25000693,"PDI: GDS, Command Center (Inc)",U,470852,147212,187212,187212
0500D,"Military Construction, Defense-Wide",01,Major construction,MDA,GU,Guam,2025,Operational Facilities,Joint Region Marianas,25000694,"PDI: GDS, EIAMD, Ph1 (Inc)",U,432372,238267,278267,278267
0500D,"Military Construction, Defense-Wide",01,Major construction,MDA,AL,Alabama,2025,Maintenance & Production Facilities,Redstone Arsenal,2500690A,Ground Test  Facility Infrastructure (Inc),U,,40000,80000,80000
0500D,"Military Construction, Defense-Wide",02,Minor construction,MDA,ZU,Worldwide Unspecified,2025,Unspecified Minor Construction,Unspecified Worldwide Locations,25999902,Worldwide Unspecified Minor Construction,U,,5277,5277,5277
0500D,"Military Construction, Defense-Wide",03,Design,MDA,ZU,Worldwide Unspecified,2025,Planning & Design,Various Worldwide Locations,25999903,Planning and Design,U,,4745,4745,4745
0804D,North Atlantic Treaty Organization Security Investment Program,01,NATO infrastructure,DEFW,ZU,Worldwide Unspecified,2025,Nato Security Investment Program,Nato Security Investment Program,D96D0005,Nato Security Investment Program,U,482139,482139,482139,482139
0765D,"Family Housing Operation and Maintenance, Defense-Wide",07,Leasing,NSA,ZU,Worldwide Unspecified,2025,Family Housing Operations,Unspecified Worldwide Locations,D88G0018,Leasing,U,,13390,13390,13390
0765D,"Family Housing Operation and Maintenance, Defense-Wide",08,Maintenance,NSA,ZU,Worldwide Unspecified,2025,Family Housing Operations,Unspecified Worldwide Locations,D88G0019,Maintenance,U,,28,28,28
0765D,"Family Housing Operation and Maintenance, Defense-Wide",05,Utilities,DIA,ZU,Worldwide Unspecified,2025,Family Housing Operations,Unspecified Worldwide Locations,D17000000001,Utilities,U,,3902,3902,3902
0765D,"Family Housing Operation and Maintenance, Defense-Wide",06,Operation,DIA,ZU,Worldwide Unspecified,2025,Family Housing Operations,Unspecified Worldwide Locations,D88L0003,Furnishings,U,,655,655,655
0765D,"Family Housing Operation and Maintenance, Defense-Wide",07,Leasing,DIA,ZU,Worldwide Unspecified,2025,Family Housing Operations,Unspecified Worldwide Locations,D88L0004,Leasing,U,,32693,32693,32693
0765D,"Family Housing Operation and Maintenance, Defense-Wide",05,Utilities,NSA,ZU,Worldwide Unspecified,2025,Family Housing Operations,Unspecified Worldwide Locations,D88G0017,Utilities,U,,3,3,3
0765D,"Family Housing Operation and Maintenance, Defense-Wide",06,Operation,NSA,ZU,Worldwide Unspecified,2025,Family Housing Operations,Unspecified Worldwide Locations,D88G0013,Furnishings,U,,91,91,91
4090D,"Homeowners Assistance Fund, Defense",01,Payment to homeowners (private sale and foreclosure assistan,A,ZU,Worldwide Unspecified,2025,Homeowners Assistance,Unspecified Worldwide Locations,A0299901,Payments To Homeowners,U,,1077,1077,1077
0834D,Department of Defense Family Housing Improvement Fund,12,DIFFERENTIAL LEASE PAYMENTS,DEFW,ZU,Worldwide Unspecified,2025,Family Housing Improvement Fund,Unspecified Worldwide Locations,D99D0004,Differential Lease Payments,U,,1610,1610,1610
0834D,Department of Defense Family Housing Improvement Fund,05,Reestimate of Direct Loan Subsidy,DEFW,ZU,Worldwide Unspecified,2025,Family Housing Improvement Fund,Unspecified Worldwide Locations,D99D0004,Reestimate of Direct Loan Subsidy,U,,34317,34317,34317
0834D,Department of Defense Family Housing Improvement Fund,06,Intrest on re-estimate of direct loan subsidy,DEFW,ZU,Worldwide Unspecified,2025,Family Housing Improvement Fund,Unspecified Worldwide Locations,D99D0004,Intrest on Re-Estimate of Direct Loan Subsidy,U,,16599,16599,16599
0834D,Department of Defense Family Housing Improvement Fund,09,Administrative Expenses,DEFW,ZU,Worldwide Unspecified,2025,Family Housing Improvement Fund,Unspecified Worldwide Locations,D99D0004,Administrative Expenses - FHIF,U,,5625,5625,5625
0834D,Department of Defense Family Housing Improvement Fund,11,Equity investments,DEFW,ZU,Worldwide Unspecified,2025,Family Housing Improvement Fund,Unspecified Worldwide Locations,D99D0004,Equity Investments,U,,100000,100000,100000
051604D,Department of Defense Base Closure Account - Defense-Wide,01,DOD BRAC,DLA,ZU,Worldwide Unspecified,2025,Base Realignment & Closure Account,Unspecified Worldwide Locations,COMM168B,Int-4: DLA Activities,U,1756,1756,1756,1756
051004D,"Base Realignment and Closure, Defense",02,Base Closure (II),DLA,ZU,Worldwide Unspecified,2025,Operational Facilities,"Base Realignment & Closure, Defense",D02S0019,"Base Realignment & Closure, Defense",U,,2405,2405,2405
051204D,FY 2005 Base Realignment and Closure - Defense-Wide,01,BRAC 2005,DLA,ZU,Worldwide Unspecified,2025,Base Realignment & Closure Account,"Base Realignment & Closure, Defense",11DLA001,Brac - Closure V,U,,5,5,5
0836D,Military Unaccompanied Housing Improvement Fund,09,Administrative Expenses,DEFW,ZU,Worldwide Unspecified,2025,Unaccompanied Housing Impr Fund,Unspecified Worldwide Locations,D18D0008,Administrative Expenses - UHIF,U,,502,502,502
